Datum;Eröffnung;Schluss;Tageshoch;Tagestief;Umsatz (St.)
26.10.2016;40.7;40.19;40.8;39.99;502'840
25.10.2016;40.54;40.68;40.92;40.49;709'747
24.10.2016;40.08;40.4;40.82;40.06;482'852
21.10.2016;40.03;40.03;40.2;39.84;507'752
20.10.2016;40.1;39.86;40.13;39.48;472'958
19.10.2016;39.71;40.04;40.1;39.52;425'866
18.10.2016;39.55;39.94;40.02;39.55;477'434
17.10.2016;39.85;39.48;39.97;39.43;695'906
14.10.2016;39.84;39.96;40.33;39.82;603'722
13.10.2016;40.55;39.7;40.6;39.39;962'610
12.10.2016;40.77;40.73;40.97;40.67;504'846
11.10.2016;40.41;40.67;40.99;40.39;890'959
10.10.2016;40.06;40.72;40.72;39.86;645'793
07.10.2016;40.75;40.26;40.75;40.05;667'016
06.10.2016;40.64;40.79;41.2;40.42;771'284
05.10.2016;39.9;40.61;40.78;39.87;824'275
04.10.2016;39.66;39.96;40.09;39.48;482'071
03.10.2016;39.45;39.51;39.76;39.3;489'850
30.09.2016;38.8;39.53;39.57;38.06;993'863
29.09.2016;40;39.36;40.12;39.22;377'380
28.09.2016;39.62;39.63;40.14;39.59;376'016
27.09.2016;40.06;39.56;40.06;38.97;894'374
26.09.2016;40.27;39.74;40.36;39.71;742'131
23.09.2016;40.88;40.57;40.88;40.22;475'637
22.09.2016;41.33;40.74;41.48;40.39;1'053'725
21.09.2016;41.46;41.04;41.94;41.04;800'037
20.09.2016;41.6;41.1;41.79;41.1;754'673
19.09.2016;41.8;41.85;41.95;41.6;269'250
16.09.2016;42.24;41.6;42.24;41.5;1'065'958
15.09.2016;42;42.3;42.33;41.88;382'027
14.09.2016;42.23;41.97;42.23;41.77;391'597
13.09.2016;42.15;42;42.56;42;501'019
12.09.2016;42;42.06;42.11;41.72;662'386
09.09.2016;42.78;42.85;43.32;42.69;588'467
08.09.2016;42.5;42.86;43.02;42.34;571'306
07.09.2016;42.25;42.71;42.72;41.89;524'197
06.09.2016;42.58;42.13;42.83;42.13;405'081
05.09.2016;42.59;42.58;42.71;42.1;419'111
02.09.2016;42.16;42.6;42.6;41.48;727'476
01.09.2016;41.43;41.95;42.39;41.34;969'612
31.08.2016;40.97;41.23;41.96;40.96;809'466
30.08.2016;40.45;41.01;41.19;40.45;598'957
29.08.2016;40.18;40.49;40.72;40.14;548'717
26.08.2016;39.82;40.17;40.17;39.68;446'380
25.08.2016;39.93;39.98;40.39;39.85;463'362
24.08.2016;39.71;40.29;40.55;39.65;486'935
23.08.2016;39.13;39.96;39.97;39.13;622'816
22.08.2016;39.27;39.09;39.44;38.96;652'132
19.08.2016;40.15;39.34;40.17;39.13;669'338
18.08.2016;40.67;40.18;40.73;40.03;493'421
17.08.2016;41.35;40.38;41.46;40.38;489'160
16.08.2016;41.45;41.28;41.49;41.03;415'981
15.08.2016;41.89;41.74;42.1;41.69;288'153
12.08.2016;42;41.83;42.12;41.74;322'512
11.08.2016;41.92;41.94;41.98;41.18;342'795
10.08.2016;41.56;41.71;41.97;41.49;310'092
09.08.2016;41.19;41.7;41.71;41.19;331'752
08.08.2016;41.08;41.29;42.06;41.08;560'371
05.08.2016;40.19;40.87;40.99;40.08;538'986
04.08.2016;39.64;40.19;40.4;39.63;641'704
03.08.2016;39.45;39.4;39.52;38.98;701'413
02.08.2016;39.7;39.34;39.77;39.14;745'180
29.07.2016;39.85;39.78;40.51;39.65;910'424
28.07.2016;40.6;39.85;40.92;39.73;879'659
27.07.2016;40.85;40.68;41.48;40.66;562'225
26.07.2016;41.16;40.65;41.33;40.39;569'724
25.07.2016;41.1;41.09;41.92;39.98;1'105'544
22.07.2016;40.2;39.93;40.31;39.8;427'630
21.07.2016;39.91;40.29;40.5;39.9;549'979
20.07.2016;39.99;40.03;40.16;39.59;499'952
19.07.2016;40.05;39.7;40.39;39.33;511'115
18.07.2016;40.08;40.28;40.75;39.87;444'395
15.07.2016;39.87;40.02;40.57;39.71;466'239
14.07.2016;39.86;40.23;40.35;39.63;616'764
13.07.2016;39.62;39.52;40.03;39.3;555'432
12.07.2016;38.9;39.77;40;38.68;715'974
11.07.2016;38.12;38.92;39.02;38.12;650'883
08.07.2016;36.9;37.94;38.38;36.86;707'213
07.07.2016;36.7;37.02;37.21;36.5;649'209
06.07.2016;36.63;36.3;37.05;35.81;868'252
05.07.2016;38.21;37.03;38.27;37.01;679'250
04.07.2016;39.1;38.3;39.11;38.1;536'044
01.07.2016;39.21;39.08;39.67;38.85;1'153'380
30.06.2016;38.37;38.81;38.97;37.82;1'368'011
29.06.2016;37.85;37.96;37.96;36.81;1'379'299
28.06.2016;37.64;37.23;37.8;36.74;1'623'897
27.06.2016;40.5;36.61;40.57;36.45;2'295'283
24.06.2016;40;40.59;41.74;39.51;2'154'553
23.06.2016;43.58;44.58;44.65;43.39;822'568
22.06.2016;44.14;43.75;44.24;43.03;639'760
21.06.2016;42.7;43.13;43.17;42.51;666'202
20.06.2016;41.72;42.67;42.81;41.6;840'226
17.06.2016;40.11;40.57;41.01;40.07;1'687'691
16.06.2016;39.3;39.69;40.06;39.25;1'059'596
15.06.2016;39.99;40.1;40.35;39.75;723'276
14.06.2016;40.5;39.7;40.75;39.66;877'936
13.06.2016;41.25;41;41.35;40.91;868'042
10.06.2016;42.45;41.7;42.48;41.37;554'949
09.06.2016;43.1;42.62;43.11;42.42;415'755
08.06.2016;43.15;43.14;43.45;42.83;418'506
07.06.2016;43.16;43.4;43.52;42.98;407'257
06.06.2016;42.85;42.85;43.06;42.67;331'730
03.06.2016;43.63;42.76;43.73;42.48;600'205
02.06.2016;44;43.41;44.12;43.23;582'507
01.06.2016;44;43.84;44.41;43.82;887'711
31.05.2016;44.02;44.23;44.34;43.9;1'088'002
30.05.2016;44.03;44.17;44.3;43.88;300'011
27.05.2016;43.76;43.94;43.97;43.57;519'341
26.05.2016;43.45;43.86;44.03;43.14;667'776
25.05.2016;43.24;43.29;43.56;43.06;542'960
24.05.2016;41.25;42.96;43.1;41.03;866'767
23.05.2016;41.25;41.5;41.79;40.89;560'087
20.05.2016;41.1;41.32;41.48;41.05;767'761
19.05.2016;40.28;40.76;41.14;39.76;777'352
18.05.2016;39.92;40.64;40.89;39.87;796'025
17.05.2016;39.43;40.07;40.16;39.36;855'269
13.05.2016;38.81;39.14;39.14;38.55;575'773
12.05.2016;39.18;38.95;39.38;38.8;561'415
11.05.2016;39.39;39.3;39.51;38.96;615'244
10.05.2016;39.21;39.52;39.62;39.02;555'931
09.05.2016;38.5;38.75;38.9;38.14;757'030
06.05.2016;38.84;38.14;38.84;37.69;965'729
04.05.2016;39.31;38.76;39.36;38.6;582'669
03.05.2016;40.71;39.33;40.71;39.07;612'187
02.05.2016;41.2;40.71;41.2;40.46;351'326
29.04.2016;41.67;41.01;41.67;40.78;495'919
28.04.2016;41.61;41.93;41.95;41.32;478'131
27.04.2016;41.54;41.88;41.93;41.53;559'742
26.04.2016;41;41.46;41.61;40.8;488'546
25.04.2016;41.14;40.93;41.3;40.59;514'932
22.04.2016;40.69;40.92;41.06;40.57;467'025
21.04.2016;41.11;40.86;41.16;40.54;517'983
20.04.2016;40.26;40.85;40.85;40.05;429'509
19.04.2016;40.33;40.36;40.82;40.2;472'198
18.04.2016;39.88;40.05;40.1;39.44;531'838
15.04.2016;40.92;40.16;40.92;40.03;1'142'929
14.04.2016;41;41.81;41.83;40.92;827'566
13.04.2016;39.52;40.84;40.84;39.45;788'333
12.04.2016;39.12;39.17;39.29;38.65;580'586
11.04.2016;39.56;39.22;39.76;38.94;637'008
08.04.2016;39;39.43;39.47;38.96;433'421
07.04.2016;39.49;38.77;39.58;38.75;430'685
06.04.2016;39.16;39.36;39.49;38.8;561'828
05.04.2016;39.97;39.07;40.17;38.91;1'044'267
04.04.2016;41.1;40.37;41.31;40.3;635'437
01.04.2016;41.01;41.33;41.58;40.83;660'233
31.03.2016;41.46;41.3;41.57;40.88;811'705
30.03.2016;41.13;41.46;41.59;41.13;536'416
29.03.2016;40.9;40.82;41.42;40.62;625'961
24.03.2016;41.54;40.62;41.54;40.5;560'795
23.03.2016;42.28;41.8;42.54;41.56;559'387
22.03.2016;41.75;42.1;42.1;40.9;578'523
21.03.2016;42.24;41.8;42.37;41.66;593'789
18.03.2016;42.22;42.18;42.67;41.87;1'743'662
17.03.2016;42.68;42.26;42.77;41.29;603'343
16.03.2016;43;42.34;43.12;42.26;862'901
15.03.2016;43.27;42.76;43.32;42.45;563'970
14.03.2016;43.73;43.53;43.95;43.16;548'913
11.03.2016;42.65;43.43;43.52;42.54;799'398
10.03.2016;42.6;42.15;43.39;41.86;1'042'149
09.03.2016;42.78;42.62;43.19;42.4;619'408
08.03.2016;42.91;42.53;43.13;42.35;759'017
07.03.2016;43.29;43.09;43.29;42.34;474'084
04.03.2016;42.7;43.27;43.27;42.41;808'651
03.03.2016;42.23;42.41;42.46;41.78;608'012
02.03.2016;41.75;42.02;42.02;41.27;1'071'223
01.03.2016;40.15;41.55;41.56;39.92;1'047'612
29.02.2016;39.97;40.06;40.29;39.23;958'202
26.02.2016;40.4;40.42;40.62;40.02;1'032'057
25.02.2016;39.73;39.98;40.21;39.59;661'569
24.02.2016;40.01;39.01;40.15;38.47;737'832
23.02.2016;40.67;39.9;40.93;39.78;736'572
22.02.2016;40.61;40.87;41.16;40.58;566'836
19.02.2016;40.58;40.39;41.03;39.81;1'351'824
18.02.2016;40.78;40.59;41.25;40.44;1'035'261
17.02.2016;39.73;40.66;40.85;39.54;1'003'217
16.02.2016;39.89;39.69;39.97;38.91;1'175'549
15.02.2016;39.75;39.65;40.06;39.14;1'022'920
12.02.2016;37.4;38.34;38.34;37.29;827'284
11.02.2016;38.29;36.95;38.34;36.68;1'469'145
10.02.2016;37.1;38.64;39.26;37.01;1'689'121
09.02.2016;38;36.9;38.19;36.18;1'567'019
08.02.2016;40.08;37.94;40.1;37.74;1'363'671
05.02.2016;39.61;39.62;40.86;39.41;1'447'414
04.02.2016;39.52;39.43;39.89;38;1'293'539
03.02.2016;40.55;39.01;40.61;38.58;1'674'113
02.02.2016;42.05;40.71;42.05;40.19;1'320'409
01.02.2016;42.8;42.07;43.36;41.11;1'555'689
29.01.2016;43.08;43.25;43.25;42.1;1'297'679
28.01.2016;42.99;42.31;43.77;42.13;1'079'231
27.01.2016;42.2;43.12;43.12;42.07;1'130'868
26.01.2016;41.15;42.17;42.17;40.57;1'000'467
25.01.2016;42.84;42.07;42.84;41.4;686'540
22.01.2016;42.4;42.59;42.78;41.8;1'250'338
21.01.2016;41.05;41.32;42.06;40.71;1'084'002
20.01.2016;41.7;40.92;41.8;40.54;927'280
19.01.2016;43.75;42.86;43.99;42.66;1'114'664
18.01.2016;41.95;41.93;42.76;41.49;553'961
15.01.2016;43.48;42.02;43.84;41.74;988'815
14.01.2016;44.21;43.83;44.21;42.59;1'125'948
13.01.2016;45.57;44.8;46.09;44.54;736'936
12.01.2016;44.09;44.97;45.17;43.51;876'319
11.01.2016;43.96;44.23;44.69;43.79;713'241
08.01.2016;45.21;44.18;45.95;44.18;901'649
07.01.2016;45.28;44.93;45.28;43.76;1'072'137
06.01.2016;47.16;46.22;47.18;46.07;618'878
05.01.2016;48.34;47.35;48.41;46.75;585'035
04.01.2016;47.95;47.49;48.54;47.25;839'443
30.12.2015;47.8;48.66;48.94;47.26;993'106
29.12.2015;46.6;46.77;47.07;46.5;514'586
28.12.2015;45.97;46.37;46.85;45.9;353'157
23.12.2015;45.25;45.87;45.95;45.16;419'062
22.12.2015;44.92;44.96;45.52;44.87;449'534
21.12.2015;45.5;44.81;45.64;44.72;786'418
18.12.2015;45.85;45.88;46.18;45.23;1'195'591
17.12.2015;45.61;46.25;46.68;45.35;859'238
16.12.2015;44.27;44.69;45.03;43.92;784'590
15.12.2015;44;44.41;44.41;43.61;1'022'558
14.12.2015;45.22;43.42;45.24;43.32;888'999
11.12.2015;46.7;44.93;46.95;44.75;1'020'948
10.12.2015;47.14;47.1;47.31;46.55;633'845
09.12.2015;48.07;47.4;48.27;46.71;795'006
08.12.2015;49.51;48.14;49.51;47.83;424'845
07.12.2015;49.47;49.46;50.1;49.12;435'513
04.12.2015;49.51;49.02;49.68;47.97;781'254
03.12.2015;49.71;49.95;50.5;49.45;974'271
02.12.2015;50;50;50.15;49.77;471'540
01.12.2015;49.44;49.96;49.98;49.33;830'242
30.11.2015;48.78;49.24;49.53;48.55;585'232
27.11.2015;48.58;48.87;48.87;48.23;394'261
26.11.2015;49.09;48.66;49.29;48.61;375'036
25.11.2015;47.2;48.92;49.5;47.01;733'656
24.11.2015;47.45;47.01;47.55;46.38;420'467
23.11.2015;47.85;47.68;47.85;47.32;373'674
20.11.2015;48.27;47.96;48.28;47.44;681'136
19.11.2015;47.36;47.88;48.5;47.36;549'600
18.11.2015;46.4;46.91;46.91;46.24;374'904
17.11.2015;45.99;46.58;47.19;45.75;499'009
16.11.2015;46.09;45.36;46.29;45.31;492'535
13.11.2015;46.53;46.28;46.88;45.99;604'746
12.11.2015;46.75;46.67;46.92;46.01;627'304
11.11.2015;46.21;46.63;47.53;46.21;545'960
10.11.2015;46.8;46.24;47.04;45.57;996'892
09.11.2015;48.46;47.5;48.71;47.5;526'980
06.11.2015;48.21;48.4;48.79;48.11;448'032
05.11.2015;48.71;48.17;48.78;48.01;499'447
04.11.2015;49.9;48.48;49.9;48.34;511'831
03.11.2015;49.74;49.63;50;49.18;446'998
02.11.2015;48.66;49.74;50.05;48.66;484'353
30.10.2015;49.16;49.12;49.36;48.74;620'482
29.10.2015;49.03;48.95;49.28;48.69;486'049
28.10.2015;48.51;49.03;49.05;48.25;394'707
27.10.2015;47.91;48.57;48.75;47.7;551'971
26.10.2015;48.94;48.08;49;47.88;467'441
23.10.2015;48.45;49.12;49.47;48.43;485'317
22.10.2015;46.72;48.14;48.14;46.52;513'519
21.10.2015;46.71;46.76;46.89;45.95;392'246
20.10.2015;46.62;46.35;46.74;46.01;395'232
19.10.2015;47.25;46.6;47.8;46.57;450'864
16.10.2015;46.68;47.22;47.44;46.47;687'262
15.10.2015;45.67;46.15;46.16;45.35;473'225
14.10.2015;46.16;45.42;46.35;45.29;642'312
13.10.2015;46.64;46.32;46.64;45.74;631'947
12.10.2015;47.15;46.7;47.25;46.63;877'077
09.10.2015;48.05;47.17;48.23;47.04;904'899
08.10.2015;48.17;47.72;48.55;47.37;1'093'585
07.10.2015;48.5;48.04;49.04;47.98;1'244'222
06.10.2015;47.54;48.37;48.41;47.39;1'238'726
05.10.2015;46.84;47.36;47.64;46.71;1'294'012
02.10.2015;45.57;45.98;47.13;45.46;1'225'277
01.10.2015;44.78;45.3;45.42;44.63;1'135'158
30.09.2015;43.23;44.22;44.22;43.19;1'388'807
29.09.2015;41.99;42.5;43.15;41.78;890'000
28.09.2015;43.06;42.3;43.34;42.09;664'452
25.09.2015;42.63;43.4;43.86;42.62;1'086'259
24.09.2015;43.02;41.98;43.11;41.81;694'663
23.09.2015;43.54;43.02;43.66;42.83;564'339
22.09.2015;45.16;43.36;45.18;43.23;833'157
21.09.2015;44.3;45.12;45.31;44.18;689'370
18.09.2015;45.45;44.47;45.45;44.07;1'257'363
17.09.2015;45.39;45.65;45.84;45.29;528'844
16.09.2015;45.46;45.42;45.7;44.94;639'924
15.09.2015;44.82;45.12;45.34;44.22;946'356
14.09.2015;46.06;45.33;46.49;45.14;644'853
11.09.2015;45.26;45.62;45.96;44.76;569'155
10.09.2015;45.71;45.25;46.14;45.14;584'986
09.09.2015;46.58;46.11;46.62;45.89;724'372
08.09.2015;45.63;45.56;46.15;45.56;571'908
07.09.2015;45.48;45.55;46.19;45.44;652'552
04.09.2015;46.12;45.26;46.21;45.07;679'452
03.09.2015;45.88;46.59;46.92;45.58;730'688
02.09.2015;45.82;45.51;46.25;45.39;732'894
01.09.2015;46.87;45.7;46.93;45.53;1'012'790
31.08.2015;47.12;47.07;47.53;46.67;728'379
28.08.2015;47.83;47.48;48.25;46.46;840'151
27.08.2015;47.62;47.73;48.06;47.48;726'596
26.08.2015;46.94;46.6;47.48;46.15;1'108'925
25.08.2015;46.67;47.38;48.33;46.41;987'828
24.08.2015;46.39;45.92;47.14;44.01;1'623'529
21.08.2015;49.9;48;50.25;47.95;1'011'400
20.08.2015;52.05;50.7;52.1;50.7;475'841
19.08.2015;53;52.3;53.25;52.3;478'242
18.08.2015;53;53.4;53.75;52.8;462'790
17.08.2015;52.6;53;53.1;52.45;364'906
14.08.2015;52.65;52.5;53;52.25;389'245
13.08.2015;51.05;52.55;52.6;51;629'304
12.08.2015;52.2;50.3;52.4;49.85;664'384
11.08.2015;53.25;52.45;53.25;52.35;472'155
10.08.2015;52.55;53.25;53.35;52.15;518'164
07.08.2015;53;52.4;53.05;52.35;347'107
06.08.2015;53.25;53.1;53.6;53.1;342'638
05.08.2015;53.35;53.5;53.5;52.8;455'529
04.08.2015;53.35;53.3;53.55;53;445'380
03.08.2015;53.4;53.5;53.8;53.4;470'148
31.07.2015;53.75;53.45;53.75;53.3;552'185
30.07.2015;54.3;53.55;54.4;53.35;507'280
29.07.2015;52.75;53.9;53.9;52.6;620'867
28.07.2015;52.5;52.35;52.55;51.95;695'253
27.07.2015;53.6;52.3;53.75;52.1;761'972
24.07.2015;53.25;53.65;53.85;53.25;550'698
23.07.2015;54;53.5;54.15;53.35;462'946
22.07.2015;53.35;53.8;53.95;53.05;862'920
21.07.2015;53.95;53.55;53.95;53.4;714'794
20.07.2015;52.3;53.35;53.95;52.25;863'380
17.07.2015;53.9;54.1;54.25;53.85;683'130
16.07.2015;53.75;54.1;54.35;53.75;706'600
15.07.2015;53.6;53.65;54;53;769'692
14.07.2015;54;53.85;54;53.2;387'387
13.07.2015;53.75;53.95;54.15;53.2;787'944
10.07.2015;53.1;53.6;54;52.95;783'402
09.07.2015;51.2;51.9;52.4;51.15;733'792
08.07.2015;50.65;50.95;51.85;50.5;779'878
07.07.2015;51.4;50.5;51.95;50.45;571'635
06.07.2015;52.35;51.3;52.35;51.3;734'434
03.07.2015;53.25;52.8;53.4;52.55;430'944
02.07.2015;53.35;53.35;54.05;53.35;531'986
01.07.2015;52.8;53.3;53.9;52.65;721'248
30.06.2015;52.55;52.45;53.55;52;928'355
29.06.2015;51.8;52.75;53.25;51.65;958'180
26.06.2015;52.4;53.2;53.3;51.9;591'718
25.06.2015;52.95;52.7;53.05;52.55;496'178
24.06.2015;53.6;53.25;54.55;52.65;1'507'441
23.06.2015;50.7;51.55;51.6;50.45;714'602
22.06.2015;50.7;50.45;50.75;50.1;415'423
19.06.2015;50.1;50.05;50.65;49.85;768'293
18.06.2015;49.5;49.82;50.1;48.77;524'766
17.06.2015;50.85;49.88;51.05;49.85;502'465
16.06.2015;50.8;50.95;51.45;50.25;561'650
15.06.2015;51.25;51.05;51.55;50.9;325'564
12.06.2015;52.05;51.6;52.1;51.35;362'558
11.06.2015;51.6;52.1;52.7;51.5;701'203
10.06.2015;50.55;51.65;51.85;50.2;642'274
09.06.2015;50.8;50.55;51.1;49.97;612'512
08.06.2015;51.2;50.8;51.25;50.45;476'164
05.06.2015;51.8;50.95;51.8;50.35;370'199
04.06.2015;52;51.95;53;51.6;614'737
03.06.2015;51.95;52.6;53.05;51.9;1'041'651
02.06.2015;51.65;51.85;52.3;51.35;723'003
01.06.2015;51.55;51.4;51.8;51.2;610'162
29.05.2015;51.95;51.3;52.05;51.3;612'475
28.05.2015;52;52;52.25;51.75;406'021
27.05.2015;51.55;52;52.2;51.55;847'282
26.05.2015;52;51.5;52.35;51.2;454'637
22.05.2015;52;52;52.25;51.9;320'253
21.05.2015;51.05;51.95;52.3;51.05;712'925
20.05.2015;50.45;51.25;51.65;50.45;602'759
19.05.2015;50.6;50.55;50.9;50.35;640'225
18.05.2015;50;50;50.4;49.6;753'325
15.05.2015;49.55;49.82;51.2;49.39;1'201'001
13.05.2015;48.41;48.88;49.52;48.28;1'004'316
12.05.2015;48.33;48.32;48.69;47.47;656'399
11.05.2015;48.21;48.66;48.87;48.1;515'551
08.05.2015;48.23;48.35;48.77;47.82;911'536
07.05.2015;47.43;47.47;47.6;46.46;986'223
06.05.2015;49.12;47.74;49.39;47.53;964'390
05.05.2015;49.79;49.12;50.15;49.12;514'829
04.05.2015;49.39;49.75;50;49.28;412'681
30.04.2015;49.79;49.38;50.05;49.06;566'587
29.04.2015;50.25;49.76;50.4;49.66;430'302
28.04.2015;50.4;50.2;50.5;49.96;350'360
27.04.2015;50.65;50.7;50.85;49.7;412'891
24.04.2015;51.05;50.55;51.2;50.55;322'038
23.04.2015;50.9;50.95;51.25;50.55;356'735
22.04.2015;50.85;50.85;51.2;50.15;371'111
21.04.2015;51.1;50.95;51.4;50.85;459'286
20.04.2015;50.55;50.6;51.55;50.35;544'419
17.04.2015;51;50.1;51.6;49.73;792'470
16.04.2015;52.25;52.1;52.3;51.8;337'292
15.04.2015;52.45;52.4;52.55;51.5;596'554
14.04.2015;51.75;51.95;52.35;51.55;431'689
13.04.2015;52.2;51.7;52.3;51.1;466'660
10.04.2015;51.7;52.5;52.9;51.7;491'576
09.04.2015;51.05;51.7;51.8;50.85;650'887
08.04.2015;49.79;50.95;52.15;49.49;953'226
07.04.2015;49.21;49.6;49.92;49.11;536'402
02.04.2015;49.18;48.9;49.18;48.71;521'289
01.04.2015;48.47;48.99;49.12;48.23;645'580
31.03.2015;49.32;48.76;49.43;48.66;608'606
30.03.2015;49.16;49.55;49.69;47.63;697'478
27.03.2015;50;49.13;50.15;49.05;547'270
26.03.2015;49.4;49.71;49.71;48.23;616'762
25.03.2015;49.71;49.87;50.15;49.54;486'938
24.03.2015;49.89;49.8;50.1;49.42;763'312
23.03.2015;49.64;50.05;50.25;49.4;677'238
20.03.2015;48.21;49.88;49.89;47.85;1'510'880
19.03.2015;47.35;47.85;48.11;47.35;498'894
18.03.2015;46.71;47.48;47.64;46.65;891'299
17.03.2015;46.15;46.66;46.8;46.15;556'090
16.03.2015;46.43;46.34;46.78;46.01;504'147
13.03.2015;46.17;46.33;46.34;45.94;390'944
12.03.2015;46.25;46.06;46.6;45.94;363'524
11.03.2015;45.5;46.37;46.45;45.5;417'739
10.03.2015;45.35;45.29;45.57;45.01;498'162
09.03.2015;45.66;45.33;45.66;45.12;355'315
06.03.2015;44.85;45.7;45.8;44.8;628'028
05.03.2015;44.39;44.78;44.92;44.31;448'989
04.03.2015;43.6;44.28;44.33;43.52;572'736
03.03.2015;44;43.56;44.19;43.35;494'022
02.03.2015;43.85;44.11;44.11;43.71;552'814
27.02.2015;44.08;44.01;44.43;43.62;684'600
26.02.2015;44.12;44.32;44.37;43.92;833'908
25.02.2015;44.12;44.03;44.22;43.86;455'904
24.02.2015;44.65;44.12;44.7;43.8;624'875
23.02.2015;44.74;44.71;45.09;44.57;492'566
20.02.2015;44.63;44.28;44.65;43.53;950'595
19.02.2015;44.19;44.83;44.92;44.09;744'961
18.02.2015;44.2;44.31;44.62;43.71;632'890
17.02.2015;44.01;44.21;44.6;43.87;581'634
16.02.2015;44.52;44.61;45.3;44.28;577'027
13.02.2015;44;44.65;44.96;43.89;688'107
12.02.2015;44.2;43.64;44.49;42.81;1'672'002
11.02.2015;43.7;44.24;44.46;43.7;804'447
10.02.2015;43.47;43.71;43.95;43.3;918'214
09.02.2015;42.54;43.44;44.07;42.44;936'201
06.02.2015;41.9;42.72;42.82;41.77;673'400
05.02.2015;41.85;41.88;42.5;41.5;758'114
04.02.2015;41.3;41.97;42.35;41;781'215
03.02.2015;40.35;41.36;41.4;40.35;895'586
02.02.2015;38.78;40.84;41.16;38.75;2'086'812
30.01.2015;37.87;37.6;37.94;36.91;1'204'039
29.01.2015;36.96;37.99;37.99;36.26;1'053'062
28.01.2015;37.51;36.76;37.51;36.44;870'229
27.01.2015;37.76;37.41;38.56;37.1;1'009'534
26.01.2015;37.11;37.82;37.87;36.73;950'928
23.01.2015;37.38;37.3;37.57;36.95;760'420
22.01.2015;37.34;37.07;37.49;36.5;1'354'681
21.01.2015;37.55;37.19;37.55;36.37;1'840'361
20.01.2015;37;37.31;37.76;36.51;1'908'252
19.01.2015;35.89;36.55;37.11;35.21;1'666'771
16.01.2015;38.66;34.51;38.76;33.77;4'042'410
15.01.2015;45.9;40.4;46.05;35.33;3'583'063
14.01.2015;45.8;45.63;46.4;45.63;861'319
13.01.2015;45.02;46.37;46.56;45.02;682'666
12.01.2015;45.4;45.19;45.76;44.86;472'973
09.01.2015;44.83;45.12;45.61;44.81;547'210
08.01.2015;44.75;45.03;45.06;44.21;706'303
07.01.2015;44.58;44.42;44.85;43.82;1'037'494
06.01.2015;45.49;45.4;46.19;45.33;597'383
05.01.2015;45.66;45.42;45.94;45.42;635'028
30.12.2014;45.7;45.81;46;45.68;584'565
29.12.2014;45.39;45.93;46;45.28;349'426
23.12.2014;45.4;45.84;45.84;45.15;475'062
22.12.2014;45.2;45.52;45.69;45.03;483'815
19.12.2014;45.24;45.06;45.4;44.44;1'472'861
18.12.2014;44.09;44.33;44.55;43.9;775'426
17.12.2014;43.25;43.56;43.67;43.13;406'070
16.12.2014;43.15;43.64;43.65;42.57;605'957
15.12.2014;43.76;43.07;43.93;43.07;485'795
12.12.2014;44.3;43.99;44.77;43.99;552'833
11.12.2014;44.46;44.7;44.82;44.38;457'944
10.12.2014;44.71;44.75;44.99;44.61;419'819
09.12.2014;44.55;44.67;45.19;44.55;541'849
08.12.2014;45.17;45.03;45.26;44.98;220'209
05.12.2014;44.69;45.19;45.19;44.69;382'143
04.12.2014;45;44.47;45;44.4;546'182
03.12.2014;44.43;44.81;44.88;44.28;544'644
02.12.2014;44;44.19;44.28;43.91;337'708
01.12.2014;43.4;43.84;44.13;43.4;613'966
28.11.2014;43.95;43.78;44.01;43.55;430'684
27.11.2014;43.42;43.93;43.94;43.42;293'533
26.11.2014;43.74;43.56;44;43.46;534'516
25.11.2014;43.56;43.67;43.75;43.45;867'951
24.11.2014;43.4;43.59;43.62;43.2;739'881
21.11.2014;43.28;43.46;43.65;43.1;804'805
20.11.2014;42.91;43.1;43.3;42.83;510'398
19.11.2014;42.68;43;43.1;42.55;520'353
18.11.2014;42.45;42.69;42.77;42.36;371'014
17.11.2014;42.25;42.4;42.49;41.92;510'977
14.11.2014;43.1;42.65;43.23;41.97;971'022
13.11.2014;43.28;43.95;44.12;43.18;667'848
12.11.2014;43.39;43.06;43.48;42.71;421'556
11.11.2014;43;43.45;43.56;42.79;566'532
10.11.2014;42.36;42.85;42.98;42.23;554'272
07.11.2014;42.7;42.37;42.85;42.18;324'076
06.11.2014;42.53;42.57;42.68;41.96;566'447
05.11.2014;41.86;42.5;42.68;41.7;649'069
04.11.2014;41.85;41.72;42.18;41.32;718'038
03.11.2014;42.11;41.87;42.2;41.64;443'196
31.10.2014;41.89;42.08;42.13;41.55;673'521
30.10.2014;41.44;41.14;41.44;40.74;662'084
29.10.2014;41.47;41.27;41.69;41.13;601'197
28.10.2014;40.33;41.18;41.21;40.31;1'063'398
27.10.2014;40.4;40.12;40.59;40.04;723'860
24.10.2014;40;40.15;40.28;39.94;443'357
23.10.2014;39.3;40.16;40.22;39.21;597'810
22.10.2014;39.3;39.64;39.84;39.23;599'510
21.10.2014;38.55;39.25;39.42;38.49;706'757
20.10.2014;39.08;38.81;39.4;38.66;631'919
17.10.2014;37.74;39.12;39.26;37.48;941'985
16.10.2014;37.6;37.51;38.04;36.53;1'472'898
15.10.2014;39.65;37.46;39.81;37.46;1'417'694
14.10.2014;39.24;39.77;39.87;38.88;862'125
13.10.2014;39.24;39.5;39.68;38.98;425'585
10.10.2014;40.56;39.75;40.58;39.75;735'483
09.10.2014;41.48;40.8;41.5;40.73;483'002
08.10.2014;41.06;41.17;41.29;40.77;457'510
07.10.2014;41.73;41.27;41.95;41.1;433'511
06.10.2014;42.04;41.84;42.12;41.73;389'215
03.10.2014;41.61;41.78;41.84;41.32;503'595
02.10.2014;42.33;41.5;42.48;41.42;657'485
01.10.2014;42.73;42.59;42.92;42.56;467'730
30.09.2014;42.71;42.85;42.94;42.52;577'345
29.09.2014;42.12;42.65;42.77;42.12;775'902
26.09.2014;41.72;42.15;42.43;41.69;741'688
25.09.2014;41.95;41.74;42.23;41.59;473'951
24.09.2014;42.03;41.95;42.07;41.39;690'508
23.09.2014;42.05;42.09;42.22;41.98;488'177
22.09.2014;42.09;42.14;42.32;41.91;494'090
19.09.2014;43.02;42.35;43.2;42.2;974'379
18.09.2014;42.58;42.82;42.98;42.57;444'777
17.09.2014;42.83;42.87;42.96;42.66;509'870
16.09.2014;42.72;42.58;42.78;42.27;652'962
15.09.2014;42.68;42.8;42.91;42.4;383'004
12.09.2014;42.9;42.79;42.94;42.67;358'448
11.09.2014;43.03;42.9;43.09;42.68;403'172
10.09.2014;42.76;42.9;43.2;42.52;589'154
09.09.2014;43.03;43;43.25;42.9;650'602
08.09.2014;43.48;43.15;43.53;43.02;540'404
05.09.2014;43;43.53;44.24;42.92;1'868'875
04.09.2014;42.12;42.44;42.56;41.55;744'958
03.09.2014;42;42.42;42.68;41.68;1'118'697
02.09.2014;41.43;41.66;41.91;41.41;613'312
01.09.2014;41.82;41.3;42.33;40.71;925'267
29.08.2014;41.11;41.73;42;41.04;1'396'792
28.08.2014;41.16;40.79;41.16;40.63;592'273
27.08.2014;41.01;41.18;41.56;40.88;528'647
26.08.2014;40.85;41.01;41.11;40.66;499'690
25.08.2014;40;40.89;40.89;39.97;691'163
22.08.2014;40.33;39.73;40.5;39.59;522'339
21.08.2014;39.89;40.39;40.39;39.79;680'399
20.08.2014;40.25;39.83;40.36;39.64;474'007
19.08.2014;40.03;40.26;40.31;40;496'351
18.08.2014;40.01;39.96;40.2;39.67;673'686
15.08.2014;39.86;39.67;40.62;39.67;1'029'729
14.08.2014;39.31;39.76;39.77;39.04;480'479
13.08.2014;39.12;39.4;39.4;38.71;558'095
12.08.2014;39.04;38.9;39.5;38.9;770'616
11.08.2014;38.62;39.13;39.2;38.5;504'494
08.08.2014;38.28;38.45;38.58;38;615'216
07.08.2014;38.74;38.59;38.9;38.45;535'750
06.08.2014;38.55;38.79;38.99;38.28;558'151
05.08.2014;38.41;38.81;38.95;38.38;624'669
04.08.2014;39;38.31;39;38.13;1'127'482
31.07.2014;39.66;38.75;39.66;38.7;916'654
30.07.2014;40.12;39.69;40.12;39.41;576'014
29.07.2014;40.22;40.1;40.3;39.78;746'916
28.07.2014;39.88;40;40.26;39.6;494'030
25.07.2014;40.21;39.84;40.5;39.77;654'944
24.07.2014;40.31;40.3;40.52;40.05;707'483
23.07.2014;40.67;40.3;40.69;40.08;1'049'841
22.07.2014;39.8;40.73;41.08;39.8;1'887'382
21.07.2014;39;39.6;39.78;38.5;2'757'687
18.07.2014;36.12;36.55;36.77;35.9;595'291
17.07.2014;36.47;36.32;36.59;36.07;432'944
16.07.2014;36.41;36.63;36.73;36.3;456'886
15.07.2014;36.27;36.26;36.71;36.11;470'588
14.07.2014;36;36.4;36.54;35.96;532'693
11.07.2014;36.15;35.93;36.53;35.72;501'018
10.07.2014;36.5;36.05;36.5;35.67;747'338
09.07.2014;36.4;36.5;36.57;36.1;502'855
08.07.2014;36.93;36.3;36.93;36.15;710'337
07.07.2014;37.22;36.86;37.38;36.74;359'237
04.07.2014;37.43;37.27;37.56;37.27;237'765
03.07.2014;36.91;37.42;37.57;36.81;675'195
02.07.2014;37.17;36.91;37.19;36.7;466'326
01.07.2014;36.75;37.1;37.3;36.73;603'312
30.06.2014;36.61;36.56;36.84;36.44;369'194
27.06.2014;36.68;36.64;36.84;36.51;333'006
26.06.2014;37.17;36.72;37.17;36.24;822'585
25.06.2014;37.1;37.05;37.2;36.79;482'728
24.06.2014;37.53;37.32;37.69;37.1;365'591
23.06.2014;37.25;37.53;37.66;36.95;643'600
20.06.2014;36.9;37.25;37.7;36.85;1'160'732
19.06.2014;37.5;37.06;37.7;36.78;713'588
18.06.2014;37.31;37.16;37.41;37;670'255
17.06.2014;37.62;37.37;37.64;37.29;543'695
16.06.2014;37.54;37.45;37.8;37.3;628'496
13.06.2014;37.82;37.76;37.9;37.58;456'070
12.06.2014;38.26;37.91;38.26;37.81;554'656
11.06.2014;39.1;38.26;39.19;38.05;908'461
10.06.2014;38.68;39.15;39.23;38.58;1'004'354
06.06.2014;38.8;38.85;39.03;38.55;647'672
05.06.2014;38.74;38.75;39.26;38.51;579'244
04.06.2014;38.6;38.69;38.86;38.44;484'941
03.06.2014;39.37;38.67;39.4;38.67;509'060
02.06.2014;39.05;39.26;39.53;39.01;662'240
30.05.2014;40.1;38.76;40.1;38.75;1'721'626
28.05.2014;40.89;40.55;41.16;40.55;480'924
27.05.2014;40.81;40.93;41.17;40.7;475'890
26.05.2014;40.83;40.86;40.93;40.63;288'431
23.05.2014;40.4;40.75;40.82;40.25;450'128
22.05.2014;39.57;40.25;40.33;39.5;625'021
21.05.2014;39.57;39.58;39.73;39;801'957
20.05.2014;40.21;39.67;40.3;39.5;1'271'406
19.05.2014;40.43;40.22;40.68;40.11;752'163
16.05.2014;40.73;40.67;40.75;39.83;898'149
15.05.2014;40.82;40.64;40.96;40.56;582'141
14.05.2014;42;41;42.1;40.66;842'634
13.05.2014;41.48;41.77;41.9;41.39;480'269
12.05.2014;41.35;41.32;41.44;41.11;438'554
09.05.2014;41.34;41.2;41.48;41.06;351'725
08.05.2014;40.96;41.34;41.44;40.75;373'611
07.05.2014;40.64;40.89;41;40.54;248'357
06.05.2014;41.05;40.86;41.13;40.71;233'831
05.05.2014;41.36;40.98;41.43;40.64;368'710
02.05.2014;41.29;41.28;41.59;41.16;443'018
30.04.2014;40.95;41.15;41.3;40.84;416'440
29.04.2014;40.84;40.83;41.17;40.55;581'938
28.04.2014;40.38;40.6;40.77;40.31;466'200
25.04.2014;40.73;40.34;40.83;40.29;503'350
24.04.2014;40.7;40.75;40.99;40.59;581'937
23.04.2014;41.05;40.56;41.1;40.5;495'051
22.04.2014;40.68;40.95;41.08;40.63;569'078
17.04.2014;40.66;40.58;40.95;40.55;667'200
16.04.2014;40.5;40.7;40.81;40.48;589'733
15.04.2014;40.9;40.2;40.95;40.14;734'090
14.04.2014;40.33;40.72;40.72;40.18;604'396
11.04.2014;40.4;40.36;40.64;39.9;662'652
10.04.2014;41.36;41.17;41.41;41;598'642
09.04.2014;41.04;41.1;41.44;40.93;799'281
08.04.2014;40.12;40.95;41.09;40.11;1'195'160
07.04.2014;39.96;40.11;40.37;39.85;494'810
04.04.2014;40.14;40.4;40.62;40.1;789'304
03.04.2014;39.47;40;40.13;39.41;851'270
02.04.2014;39;39.4;39.45;38.9;779'353
01.04.2014;39.32;38.9;39.46;38.77;908'037
31.03.2014;39.42;39.23;39.72;39.23;623'713
28.03.2014;38.97;39.2;39.37;38.97;501'850
27.03.2014;38.86;38.76;39.1;38.66;545'860
26.03.2014;39;38.87;39.17;38.73;604'601
25.03.2014;38.59;38.88;39.04;38.57;299'156
24.03.2014;39.1;38.43;39.24;38.37;449'948
21.03.2014;39.22;39.1;39.62;38.96;1'323'389
20.03.2014;39.11;39.06;39.38;38.69;458'776
19.03.2014;39.27;39.35;39.65;39.2;428'862
18.03.2014;39.12;39.27;39.46;38.87;1'071'827
17.03.2014;38.83;38.94;39.17;38.76;526'708
14.03.2014;39.11;38.82;39.33;38.71;803'989
13.03.2014;40.18;39.6;40.25;39.5;452'735
12.03.2014;40.44;40;40.5;39.82;365'291
11.03.2014;40.72;40.53;40.76;40.41;330'533
10.03.2014;41.05;40.63;41.27;40.51;395'271
07.03.2014;41.74;41.2;41.79;41.19;416'431
06.03.2014;41.5;41.65;41.92;41.49;622'060
05.03.2014;40.75;41.21;41.3;40.69;529'548
04.03.2014;40.3;40.76;40.87;40.23;410'546
03.03.2014;40.76;40.12;40.82;39.82;667'595
28.02.2014;41.12;41.22;41.46;40.95;419'923
27.02.2014;41.49;41.11;41.52;40.98;500'570
26.02.2014;41.58;41.39;41.9;41.14;575'389
25.02.2014;41.29;41.47;41.5;41.13;427'513
24.02.2014;40.69;41.34;41.34;40.3;532'189
21.02.2014;40.98;40.84;41.1;40.71;1'055'223
20.02.2014;40.8;40.91;40.93;40.56;532'922
19.02.2014;40.72;41.09;41.14;40.71;829'138
18.02.2014;40.45;40.89;41.02;40.43;752'990
17.02.2014;41.4;41.06;41.46;40.94;311'618
14.02.2014;41;41.22;41.29;40.66;716'698
13.02.2014;40.78;40.71;40.81;40.48;479'279
12.02.2014;40.9;40.72;41;40.71;949'039
11.02.2014;40.37;40.71;40.85;40.35;1'202'384
10.02.2014;40.81;40.22;40.87;39.97;1'133'963
07.02.2014;41.62;40.62;41.62;40.51;967'199
06.02.2014;40.8;41.6;41.6;40.72;1'004'774
05.02.2014;41.32;40.6;41.35;40.54;1'078'178
04.02.2014;41.05;41.47;41.85;40.43;1'298'606
03.02.2014;43.17;41.44;43.63;41.04;1'505'357
31.01.2014;44.46;44.05;44.48;43.56;763'728
30.01.2014;44.52;44.57;44.69;44.34;404'510
29.01.2014;45.01;44.62;45.21;44.27;632'993
28.01.2014;44.65;44.64;44.82;44.27;720'806
27.01.2014;44.75;44.55;44.91;44.23;828'344
24.01.2014;45.68;44.87;45.76;44.77;1'344'976
23.01.2014;45.53;45.69;45.91;45.49;878'030
22.01.2014;45.24;45.54;45.54;44.89;627'182
21.01.2014;44.85;45.1;45.43;44.64;850'656
20.01.2014;44.83;44.68;44.87;44.46;457'501
17.01.2014;44.54;44.85;44.85;44.26;1'153'219
16.01.2014;43.64;44.27;44.3;43.43;611'796
15.01.2014;43.28;43.46;43.62;43.26;571'787
14.01.2014;43;43.15;43.3;42.77;569'688
13.01.2014;43.5;43.4;43.6;43.1;533'038
10.01.2014;43.38;43.32;43.54;43.21;350'805
09.01.2014;43.15;43.1;43.34;42.98;513'340
08.01.2014;43.57;43.21;43.84;43.15;631'426
07.01.2014;43.11;43.45;43.45;42.73;761'066
06.01.2014;43.31;43.09;43.47;42.85;642'469
03.01.2014;42.74;43.19;43.41;42.74;457'567
30.12.2013;42.84;42.84;42.92;42.55;345'204
27.12.2013;42.64;42.8;42.98;42.47;408'750
23.12.2013;41.8;42.22;42.23;41.6;314'357
20.12.2013;42.06;41.87;42.23;41.63;1'191'747
19.12.2013;41.16;41.81;41.93;40.89;1'107'614
18.12.2013;41;40.69;41.12;40.5;999'489
17.12.2013;42.19;40.9;42.2;40.9;1'150'821
16.12.2013;42.01;42.41;42.72;41.89;518'793
13.12.2013;41.64;42.24;42.43;41.58;591'188
12.12.2013;41.97;41.75;42.06;41.67;360'987
11.12.2013;41.81;42.21;42.38;41.76;458'623
10.12.2013;41.85;42.14;42.32;41.7;680'822
09.12.2013;41.6;42;42.09;41.6;537'922
06.12.2013;41.02;41.45;41.49;40.88;543'095
05.12.2013;41.08;40.95;41.29;40.85;511'234
04.12.2013;41.01;41.29;41.4;40.88;833'387
03.12.2013;41.43;40.89;41.48;40.88;1'028'302
02.12.2013;42.46;42.3;42.55;42.22;341'574
29.11.2013;42.64;42.48;42.75;42.32;401'503
28.11.2013;42.59;42.64;43.25;42.55;363'918
27.11.2013;42.16;42.28;42.55;41.89;464'049
26.11.2013;42.2;41.99;42.3;41.99;449'443
25.11.2013;41.93;42.18;42.24;41.62;371'939
22.11.2013;41.59;41.71;41.88;41.15;451'013
21.11.2013;41.39;41.47;41.83;41.32;295'772
20.11.2013;41.81;41.57;42.06;41.48;501'717
19.11.2013;41.74;41.94;42.05;41.48;535'619
18.11.2013;41.84;41.85;42.25;41.71;866'459
15.11.2013;41.75;41.84;42.36;41.21;1'062'380
14.11.2013;42.2;42.5;42.73;41.95;563'580
13.11.2013;42.07;41.75;42.19;41.59;465'972
12.11.2013;42.64;42.22;42.75;42.04;373'050
11.11.2013;42.64;42.69;42.97;42.58;332'908
08.11.2013;42.98;42.47;42.98;42.17;462'517
07.11.2013;42.86;43.1;43.89;42.69;498'150
06.11.2013;42.47;42.7;42.92;42.39;357'619
05.11.2013;43.14;42.16;43.14;42.06;456'192
04.11.2013;43.24;43;43.98;43;590'313
01.11.2013;44.31;43.02;44.36;42.93;765'212
31.10.2013;44.41;44.59;44.68;44.29;509'903
30.10.2013;44.04;44.39;44.87;44.04;572'192
29.10.2013;44.49;43.92;44.5;43.77;995'791
28.10.2013;44.74;44.92;44.99;44.7;380'000
25.10.2013;44.5;44.4;44.51;44.19;205'319
24.10.2013;44.9;44.49;44.91;44.48;428'083
23.10.2013;44.54;44.82;44.82;44.35;417'091
22.10.2013;44.58;44.63;44.87;44.26;412'005
21.10.2013;44.63;44.63;44.86;44.57;307'197
18.10.2013;44.31;44.44;44.5;44.13;391'252
17.10.2013;43.83;43.79;43.96;43.39;299'236
16.10.2013;43.81;43.71;43.92;43.38;429'724
15.10.2013;43.35;43.99;44.1;43.23;483'045
14.10.2013;42.94;43.14;43.2;42.73;236'604
11.10.2013;42.53;43.11;43.26;42.53;369'092
10.10.2013;42;42.45;42.48;41.74;462'622
09.10.2013;42.2;41.89;42.36;41.73;498'355
08.10.2013;42.16;42.39;42.65;42.16;521'519
07.10.2013;41.99;42;42.2;41.48;384'752
04.10.2013;42.15;42.24;42.46;41.93;383'555
03.10.2013;42.77;42.22;42.9;42.09;301'269
02.10.2013;43.12;42.63;43.21;42.32;525'963
01.10.2013;42.45;43.29;43.48;42.45;584'342
30.09.2013;41.97;42.2;42.24;41.81;390'550
27.09.2013;42.51;42.37;42.74;42.28;517'724
26.09.2013;42.96;42.51;43.17;42.48;456'922
25.09.2013;42.98;42.85;43.24;42.66;350'668
24.09.2013;43.42;43.12;43.63;42.89;357'621
23.09.2013;43.68;43.43;43.73;43.31;339'316
20.09.2013;43.85;43.6;44.09;43.51;1'107'787
19.09.2013;44.64;44.25;45.14;44.08;582'245
18.09.2013;43.84;44.26;44.96;43.49;757'280
17.09.2013;43.8;43.65;43.96;43.36;343'430
16.09.2013;44.29;43.97;44.4;43.82;347'063
13.09.2013;43.44;43.7;43.7;43.2;574'658
12.09.2013;44.57;43.44;44.67;43.38;618'059
11.09.2013;44.3;44.36;44.6;44.24;394'827
10.09.2013;44.39;44.43;44.52;43.99;789'598
09.09.2013;44.4;44.1;44.44;43.95;508'282
06.09.2013;44.5;44.32;44.59;43.9;835'273
05.09.2013;43.82;44.38;44.42;43.67;1'000'006
04.09.2013;42.73;43.07;43.23;42.57;745'134
03.09.2013;42.53;42.56;42.75;42.25;588'150
02.09.2013;41.85;42.44;42.52;41.81;689'092
30.08.2013;41.7;41;41.88;40.82;535'035
29.08.2013;41.2;41.71;41.74;40.45;755'350
28.08.2013;41;41.06;41.25;40.38;695'223
27.08.2013;41.87;41.3;41.97;41.01;597'137
26.08.2013;42.15;42.15;42.31;41.69;303'154
23.08.2013;42.31;42.17;42.6;42.05;396'219
22.08.2013;41.63;42.37;42.52;41.63;528'748
21.08.2013;42.35;41.79;42.53;41.61;584'053
20.08.2013;42.74;42.43;42.9;42.01;586'416
19.08.2013;43.41;43.14;43.5;42.66;458'579
16.08.2013;44.06;43.63;44.07;43.03;696'773
15.08.2013;44.4;43.95;44.4;43.43;356'430
14.08.2013;44.17;44.43;44.43;43.89;397'283
13.08.2013;43.8;43.9;44.25;43.66;390'348
12.08.2013;43.77;43.68;43.81;43.36;414'501
09.08.2013;43.29;43.9;44.07;43.26;634'190
08.08.2013;43.25;43.12;43.28;42.83;769'312
07.08.2013;43.47;43.11;43.64;43.05;646'681
06.08.2013;43.77;43.81;43.98;43.63;923'310
05.08.2013;42.7;43.93;44;42.68;857'693
02.08.2013;42.49;43;43;42.37;770'543
31.07.2013;41.43;42.04;42.19;41.4;567'875
30.07.2013;41.54;41.6;41.83;41.2;697'641
29.07.2013;41.52;41.61;41.79;41.18;492'671
26.07.2013;41.86;41.69;41.91;41.39;364'729
25.07.2013;41.95;41.73;42.29;41.25;449'197
24.07.2013;42.1;41.8;42.14;41.5;512'887
23.07.2013;42;41.57;42.18;41.3;711'130
22.07.2013;41;42.04;42.39;41;1'834'911
19.07.2013;40;39.78;40.01;39.37;682'822
18.07.2013;39.28;40;40;39.15;632'514
17.07.2013;39.43;39.1;39.45;38.76;614'706
16.07.2013;39.12;39.13;39.35;39.01;383'476
15.07.2013;38.99;39.01;39.41;38.72;495'152
12.07.2013;39.26;38.8;39.26;38.8;359'687
11.07.2013;39.54;39.14;39.54;38.87;360'248
10.07.2013;38.65;38.97;39.25;38.42;571'691
09.07.2013;38.22;38.74;39;38.11;567'272
08.07.2013;37.39;37.86;38.16;37.39;384'629
05.07.2013;37.6;37.02;37.89;37.02;550'110
04.07.2013;36.65;37.42;37.47;36.65;527'681
03.07.2013;36.8;36.6;36.94;36.02;582'556
02.07.2013;37.63;37.21;37.87;37.15;491'438
01.07.2013;37.22;37.59;37.63;36.95;377'259
28.06.2013;37;36.89;37.21;36.61;591'467
27.06.2013;35.84;37;37.42;35.82;943'858
26.06.2013;35.57;35.85;35.99;35.36;475'673
25.06.2013;35.32;35.62;35.65;35.05;537'154
24.06.2013;35.39;35.04;35.75;34.74;769'231
21.06.2013;35.49;35.59;36.27;35.43;1'453'757
20.06.2013;36.4;35.46;36.95;35.18;977'321
19.06.2013;37.22;36.87;37.4;36.87;577'037
18.06.2013;37;37.21;37.38;36.96;476'823
17.06.2013;36.9;36.97;37.13;36.63;336'535
14.06.2013;36.76;36.81;36.91;36.58;458'262
13.06.2013;35.35;36.44;36.46;35.32;627'841
12.06.2013;36.78;35.97;36.98;35.9;562'761
11.06.2013;36.96;36.79;37.14;36.27;555'784
10.06.2013;36.82;37.03;37.59;36.82;477'711
07.06.2013;36.54;37.01;37.36;36.15;703'305
06.06.2013;36.77;36.67;37.25;36.63;552'277
05.06.2013;37.41;36.75;37.63;36.66;857'381
04.06.2013;37.69;37.6;37.71;37.36;523'550
03.06.2013;37.8;37.49;38.11;37.39;627'722
31.05.2013;37.8;38;38.14;37.53;808'713
30.05.2013;37.58;37.86;38.36;37.58;636'409
29.05.2013;38.7;37.81;38.76;37.47;886'993
28.05.2013;38.55;38.87;39.01;38.44;590'639
27.05.2013;37.89;38.36;38.38;37.6;345'334
24.05.2013;37.8;37.7;37.98;37.44;496'812
23.05.2013;38.68;37.72;38.7;37.67;1'009'458
22.05.2013;38.86;39.49;39.53;38.64;833'652
21.05.2013;40.61;39.39;40.96;38.67;1'379'186
17.05.2013;40.04;40.52;40.52;39.9;668'937
16.05.2013;39.16;39.92;40.26;39.16;847'710
15.05.2013;38.7;39.2;39.32;38.31;795'681
14.05.2013;38.92;38.73;39.15;38.41;677'367
13.05.2013;38.6;38.68;38.87;38.37;469'213
10.05.2013;38.2;38.58;38.58;37.88;610'470
08.05.2013;37.99;37.94;38.2;37.94;461'219
07.05.2013;37.47;38.17;38.17;37.39;571'259
06.05.2013;37.44;37.37;37.48;37.07;294'905
03.05.2013;37.32;37.51;37.6;37.16;643'592
02.05.2013;37;37.09;37.23;36.77;487'118
30.04.2013;35.95;37.04;37.29;35.95;1'007'429
29.04.2013;34.95;35.74;35.74;34.8;642'045
26.04.2013;35.77;34.79;35.84;34.69;765'851
25.04.2013;35.75;35.8;36.22;35.66;458'664
24.04.2013;35.65;35.77;35.91;35.55;415'227
23.04.2013;34.99;35.68;35.77;34.99;529'581
22.04.2013;34.96;35.05;35.45;34.91;473'508
19.04.2013;34.38;34.87;34.94;34.38;530'468
18.04.2013;34.37;34.34;35;34.17;532'368
17.04.2013;35.58;34.21;35.61;34.08;726'816
16.04.2013;35.61;35.47;35.76;35.32;536'626
15.04.2013;36.16;35.92;36.27;35.71;489'745
12.04.2013;36.04;36.27;36.34;35.78;654'611
11.04.2013;36.63;36.55;36.86;36.23;445'931
10.04.2013;35.84;36.55;36.55;35.79;593'389
09.04.2013;36.05;35.7;36.19;35.68;458'747
08.04.2013;36.31;35.92;36.44;35.54;437'229
05.04.2013;36.82;36.1;37;35.88;722'315
04.04.2013;37.42;36.7;37.49;36.7;626'349
03.04.2013;37.3;37.3;37.78;37.24;622'652
02.04.2013;36.81;37.57;37.57;36.78;556'247
28.03.2013;37.03;36.91;37.4;36.88;503'846
27.03.2013;37.42;37.09;37.69;36.47;412'832
26.03.2013;37.52;37.43;37.71;37.28;472'747
25.03.2013;37.76;37.47;37.8;37.27;543'167
22.03.2013;37.05;37.45;37.76;36.95;609'575
21.03.2013;37.21;37.25;37.6;37.08;582'055
20.03.2013;37.2;37.24;37.4;37.04;523'462
19.03.2013;37.32;37.04;37.45;36.87;390'813
18.03.2013;37.37;37.46;37.53;37.11;675'785
15.03.2013;37.99;38.07;38.21;37.85;1'567'560
14.03.2013;37.98;38.16;38.34;37.91;711'445
13.03.2013;37.9;37.83;38.09;37.76;487'176
12.03.2013;37.61;37.98;38.15;37.6;499'087
11.03.2013;37.37;37.72;37.97;37.33;394'510
08.03.2013;37.1;37.45;37.68;36.93;515'979
07.03.2013;36.88;36.99;37.08;36.72;748'859
06.03.2013;36.62;36.69;37.05;36.35;523'518
05.03.2013;36.75;36.56;37.04;36.36;1'339'797
04.03.2013;35.51;35.78;36.12;35.49;1'068'630
01.03.2013;35.48;35.37;35.62;34.9;704'985
28.02.2013;35.38;35.52;35.67;35.31;1'192'151
27.02.2013;35.38;35.29;35.45;34.9;509'801
26.02.2013;35.6;35.22;35.74;35.13;901'965
25.02.2013;36.65;36.27;37;35.96;1'060'636
22.02.2013;36.23;36.44;36.89;36.22;1'056'736
21.02.2013;36.88;36.09;37.15;35.83;813'110
20.02.2013;37.1;37.08;37.28;37.06;343'002
19.02.2013;37.21;37.27;37.28;36.96;539'356
18.02.2013;37.3;37.23;37.42;36.99;288'146
15.02.2013;37.7;37.4;37.82;37.4;1'076'677
14.02.2013;37.65;37.58;37.83;37.3;682'774
13.02.2013;37.84;37.75;37.95;37.52;645'220
12.02.2013;37.21;37.85;37.85;36.9;807'842
11.02.2013;37.05;37.34;37.35;36.81;519'519
08.02.2013;36.79;37.07;37.16;36.75;658'386
07.02.2013;36.4;36.6;36.77;36.26;670'649
06.02.2013;36.12;36.52;36.71;36.1;770'421
05.02.2013;36.1;36.1;36.42;36.02;741'749
04.02.2013;36.9;36.39;37.24;36.01;1'386'860
01.02.2013;37.24;37.56;37.77;37.17;641'211
31.01.2013;37.11;37.25;37.38;36.43;687'777
30.01.2013;37.6;37.16;37.73;37.06;387'378
29.01.2013;37.54;37.59;37.97;37.07;613'461
28.01.2013;37.45;37.62;37.77;37.28;482'279
25.01.2013;36.48;37.31;37.59;36.35;982'291
24.01.2013;36.46;36.63;36.65;36.23;614'919
23.01.2013;36.54;36.48;36.76;36.36;794'137
22.01.2013;36.53;36.43;36.53;35.98;655'835
21.01.2013;36.7;36.53;36.96;36.21;590'743
18.01.2013;36.57;36.53;37.2;36.42;1'596'868
17.01.2013;35.58;36.34;36.34;35.5;751'768
16.01.2013;35.45;35.53;35.6;35.02;628'402
15.01.2013;35.67;35.52;35.71;35.21;649'476
14.01.2013;35.7;35.75;35.95;35.3;774'331
11.01.2013;34.42;35.43;35.82;34.4;1'319'863
10.01.2013;34.37;34.23;34.63;34.07;620'465
09.01.2013;34.44;34.25;34.44;34;602'589
08.01.2013;34.36;34.24;34.75;34.16;671'193
07.01.2013;33.99;34.36;34.61;33.8;833'397
04.01.2013;32.91;33.85;33.85;32.78;827'689
03.01.2013;32.63;32.98;33.07;31.61;711'217
28.12.2012;32.57;32.33;32.64;32.33;474'315
27.12.2012;32.8;32.49;32.81;32.35;470'267
21.12.2012;33.76;32.75;33.86;32.54;1'629'922
20.12.2012;33.73;33.77;33.98;33.65;488'135
19.12.2012;33.43;33.75;33.99;33.27;849'605
18.12.2012;33.29;33.2;33.39;33.07;436'573
17.12.2012;32.8;33.01;33.06;32.67;411'326
14.12.2012;32.57;32.77;32.9;32.56;469'776
13.12.2012;32.85;32.63;32.85;32.5;342'892
12.12.2012;32.86;32.8;33;32.42;649'815
11.12.2012;32.61;32.71;32.77;32.42;409'504
10.12.2012;32.5;32.67;32.86;32.23;497'951
07.12.2012;32.05;32.59;32.68;32.05;937'265
06.12.2012;31.96;31.88;32.1;31.7;430'152
05.12.2012;32.13;31.87;32.18;31.83;422'452
04.12.2012;31.87;32;32.12;31.87;447'771
03.12.2012;31.85;32;32;31.8;496'676
30.11.2012;31.66;31.74;31.91;31.61;871'466
29.11.2012;31.48;31.65;31.81;31.43;401'304
28.11.2012;31.16;31.28;31.33;31.13;335'125
27.11.2012;31.6;31.3;31.71;31.16;477'101
26.11.2012;31.71;31.45;31.73;31.26;393'985
23.11.2012;31.54;31.71;31.78;31.43;472'611
22.11.2012;31.1;31.48;31.54;31.1;321'400
21.11.2012;31.2;31.1;31.27;31.07;401'716
20.11.2012;31.26;31.29;31.37;30.87;541'481
19.11.2012;31.12;31.47;31.47;31.05;573'300
16.11.2012;31.21;30.98;31.36;30.98;562'166
15.11.2012;31.62;31.4;31.73;31.24;892'980
14.11.2012;32.65;31.91;32.86;31.65;706'317
13.11.2012;32.6;32.75;32.75;32.28;247'142
12.11.2012;32.88;32.67;33.05;32.65;467'720
09.11.2012;32.92;32.71;33.21;32.53;667'821
08.11.2012;33.25;33.02;33.48;32.85;495'552
07.11.2012;33.36;32.89;33.8;32.89;703'397
06.11.2012;32.55;33.04;33.14;32.45;452'733
05.11.2012;32.68;32.55;32.72;32.37;446'663
02.11.2012;32.54;32.9;33.12;32.53;669'135
01.11.2012;32.08;32.63;32.63;32.06;550'318
31.10.2012;32.54;32.3;32.7;32.3;545'865
30.10.2012;32.3;32.5;32.61;32.24;463'655
29.10.2012;32.7;32.3;32.76;32.1;635'556
26.10.2012;31.63;31.84;31.98;31.61;446'055
25.10.2012;32.46;31.77;32.58;31.77;792'354
24.10.2012;32.41;32.5;32.52;31.94;679'899
23.10.2012;32.72;32.38;32.74;32.29;548'891
22.10.2012;32.91;32.79;33.14;32.66;462'274
19.10.2012;33.23;32.85;33.25;32.62;667'364
18.10.2012;33.68;33.41;33.77;33.15;705'268
17.10.2012;33.3;33.64;33.65;33.04;920'788
16.10.2012;32.25;33.21;33.21;32.21;2'486'680
15.10.2012;31.7;32.13;32.34;31.63;1'625'176
12.10.2012;32.05;31.89;32.06;31.46;2'317'926
11.10.2012;31.8;32.08;32.45;31.79;1'505'048
10.10.2012;31.29;31.81;31.86;30.85;1'424'514
09.10.2012;31.73;31.36;31.85;31.36;675'807
08.10.2012;31.73;31.63;31.75;31.47;523'065
05.10.2012;31.63;31.85;31.86;31.55;422'923
04.10.2012;32.12;31.58;32.21;31.55;606'477
03.10.2012;32.47;32.03;32.49;31.92;678'418
02.10.2012;32.5;32.64;33.02;32.5;385'583
01.10.2012;32.29;32.8;32.82;32.19;720'542
28.09.2012;32.61;32.04;32.72;31.99;497'665
27.09.2012;32.39;32.41;32.61;32.23;426'288
26.09.2012;32.85;32.28;32.9;32.2;639'663
25.09.2012;32.92;33.05;33.2;32.86;586'076
24.09.2012;32.73;32.89;32.89;32.62;652'658
21.09.2012;32.73;32.85;33.02;32.68;1'740'129
20.09.2012;32.56;32.6;32.95;32.39;573'800
19.09.2012;33.02;32.9;33.19;32.82;583'520
18.09.2012;33.39;33.01;33.39;32.97;937'809
17.09.2012;33.23;33.59;33.73;33.14;885'696
14.09.2012;33.21;33.39;33.45;32.93;1'400'164
13.09.2012;31.75;32.72;32.81;31.73;994'349
12.09.2012;31.36;31.8;31.81;31.26;678'127
11.09.2012;31.26;31.32;31.33;30.92;385'889
10.09.2012;31.08;31.26;31.33;31.08;461'889
07.09.2012;30.68;31.16;31.2;30.68;1'031'051
06.09.2012;30.21;30.58;30.61;30.13;769'903
05.09.2012;30.09;30.17;30.31;30.04;466'587
04.09.2012;30.38;30.09;30.49;29.94;644'697
03.09.2012;30.53;30.42;30.78;30.3;345'144
31.08.2012;30.88;30.65;31.05;30.61;709'308
30.08.2012;30.97;31;31.1;30.82;454'265
29.08.2012;31.05;31.12;31.24;30.83;304'098
28.08.2012;31.15;30.97;31.28;30.89;457'217
27.08.2012;31.11;31.3;31.3;30.99;223'175
24.08.2012;31.18;30.95;31.24;30.59;654'019
23.08.2012;31.96;31.08;32.04;30.97;788'468
22.08.2012;31.34;31.61;31.7;31.02;971'099
21.08.2012;31.26;31.61;31.78;31.19;1'218'019
20.08.2012;30.98;30.66;31.02;30.45;588'662
17.08.2012;31.26;30.97;31.29;30.89;1'307'727
16.08.2012;31.29;31.26;31.37;30.76;651'361
15.08.2012;30.87;31.27;31.34;30.84;689'332
14.08.2012;32.53;30.84;32.53;30.65;1'963'589
13.08.2012;34.26;32.04;34.39;31.88;2'449'502
10.08.2012;34.61;34.61;34.79;34.27;413'465
09.08.2012;34.97;34.75;34.97;34.41;341'427
08.08.2012;34.32;34.91;34.98;34.32;332'468
07.08.2012;34.8;34.44;34.85;34.28;456'496
06.08.2012;34.7;34.71;34.86;34.49;226'245
03.08.2012;34.31;34.73;34.85;34.26;416'895
02.08.2012;34.88;34.16;35.17;34;533'826
31.07.2012;34.75;34.19;34.75;33.53;616'273
30.07.2012;35.21;34.73;35.29;34.67;359'299
27.07.2012;35.06;34.98;35.28;34.61;308'771
26.07.2012;34.35;34.75;35.43;34.28;481'225
25.07.2012;34.11;34.45;34.64;34.1;341'542
24.07.2012;34.27;34.14;34.53;33.94;435'012
23.07.2012;33.85;34.16;34.95;33.61;643'023
20.07.2012;34.57;33.89;34.65;33.58;521'177
19.07.2012;33.97;34.19;34.44;33.95;474'823
18.07.2012;33.5;33.88;33.96;33.22;333'638
17.07.2012;33.42;33.15;33.75;33.15;375'624
16.07.2012;33.49;33.27;33.61;33.18;170'418
13.07.2012;33.27;33.49;33.57;33.09;281'793
12.07.2012;33.06;33.02;33.58;32.79;349'236
11.07.2012;33.43;33.31;33.82;33.29;284'425
10.07.2012;33.46;33.48;33.51;33.07;457'109
09.07.2012;33.55;33.28;33.87;33.26;245'090
06.07.2012;33.91;33.53;34.09;33.52;291'799
05.07.2012;34.17;33.95;34.41;33.53;345'030
04.07.2012;33.9;34.02;34.09;33.54;234'543
03.07.2012;33.66;33.69;33.87;33.38;360'236
02.07.2012;33.69;33.43;33.94;33.32;315'032
29.06.2012;33.22;33.47;33.63;33.01;531'317
28.06.2012;32.97;32.63;33.07;32.25;382'509
27.06.2012;31.81;32.97;32.97;31.69;650'515
26.06.2012;31.85;31.58;32.14;31.43;298'277
25.06.2012;32.07;31.74;32.31;31.47;324'618
22.06.2012;31.75;32.24;32.71;31.75;340'283
21.06.2012;31.85;32.13;32.76;31.83;484'802
20.06.2012;32.74;32.17;32.97;31.77;516'938
19.06.2012;31.77;32.47;32.73;31.56;507'900
18.06.2012;32.51;31.77;32.75;31.69;397'373
15.06.2012;31.85;31.87;32.36;31.59;1'272'210
14.06.2012;31.83;31.84;31.92;31.1;450'880
13.06.2012;31.87;31.72;32.03;31.28;479'298
12.06.2012;31.95;31.79;32.07;31.35;582'235
11.06.2012;31.61;30.97;31.69;30.9;387'661
08.06.2012;30.91;30.87;31;30.28;374'429
07.06.2012;30.58;31.14;31.55;30.5;523'091
06.06.2012;29.6;30.56;30.56;29.34;683'735
05.06.2012;29.46;29.5;29.8;29.36;350'995
04.06.2012;29.63;29.45;30.08;29.45;277'910
01.06.2012;29.96;30;30.55;29.75;888'109
31.05.2012;30.05;29.76;30.3;29.67;571'820
30.05.2012;30.6;30.05;30.77;29.97;535'135
29.05.2012;30.91;30.75;31.11;30.37;406'982
25.05.2012;30.52;30.57;30.86;30.25;713'515
24.05.2012;30.16;30.36;30.7;29.9;602'193
23.05.2012;30.04;29.79;30.56;29.78;442'331
22.05.2012;30.65;30.6;30.83;30.19;512'772
21.05.2012;30.15;30.28;30.54;29.88;425'081
18.05.2012;29.82;30.19;31.34;29.82;1'360'612
16.05.2012;31.12;31.49;31.66;30.35;886'079
15.05.2012;33.22;31.37;33.22;31.37;1'189'112
14.05.2012;32.82;33.41;33.9;32.66;762'592
11.05.2012;32.29;33.03;33.21;32.12;543'540
10.05.2012;32.52;32.79;33.03;32.35;320'711
09.05.2012;33.08;32.22;33.17;31.62;543'437
08.05.2012;32.92;33;33.2;32.26;672'333
07.05.2012;33.26;33.01;33.39;32.74;537'422
04.05.2012;34.54;33.73;34.61;33.73;522'829
03.05.2012;34.75;34.53;35.07;34.5;643'081
02.05.2012;34.91;34.57;35.02;34.24;838'640
30.04.2012;34.45;33.95;34.52;33.9;731'918
27.04.2012;33.6;34.29;34.55;33.51;486'030
26.04.2012;33.69;33.94;34.3;33.45;741'738
25.04.2012;34;33.68;34.11;33.25;549'505
24.04.2012;33.61;33.87;33.9;33.27;514'437
23.04.2012;34.63;33.44;34.83;33.41;497'878
20.04.2012;34.58;34.6;35.07;34.43;777'356
19.04.2012;34.42;34.53;34.92;34.24;480'213
18.04.2012;35.36;34.24;35.45;34.12;505'899
17.04.2012;34.4;35.26;35.46;34.13;352'644
16.04.2012;34.02;34.3;34.69;33.75;308'121
13.04.2012;34.34;34.18;34.71;34.11;590'487
12.04.2012;34.8;35.33;35.34;34.5;416'360
11.04.2012;33.31;34.83;35.11;33.31;584'445
10.04.2012;34;33.48;34.25;33.45;407'262
05.04.2012;34.64;34.49;34.77;33.66;311'346
04.04.2012;35.24;34.39;35.6;34.29;413'196
03.04.2012;35.69;35.32;35.97;35.3;277'580
02.04.2012;35.83;35.78;36.29;34.93;413'442
30.03.2012;34.94;35.6;35.62;34.83;542'202
29.03.2012;35.06;34.53;35.33;34.5;395'302
28.03.2012;35.53;35.16;35.83;35.05;296'883
27.03.2012;35.89;35.44;36.13;35.39;330'627
26.03.2012;35.33;35.58;35.62;34.91;295'840
23.03.2012;34.95;35.15;35.37;34.59;343'969
22.03.2012;35.34;34.86;35.35;34.79;300'966
21.03.2012;35.18;35.36;36;35.02;493'517
20.03.2012;35.84;35;35.91;34.97;418'275
19.03.2012;35.91;35.9;36.21;35.8;417'915
16.03.2012;37.02;36.65;37.33;36.65;1'618'135
15.03.2012;36.66;36.96;36.99;36.38;486'470
14.03.2012;35.98;36.36;36.6;35.92;465'014
13.03.2012;35.26;35.73;35.85;35.19;361'156
12.03.2012;34.97;34.94;35.48;34.81;515'035
09.03.2012;35.6;35.2;35.72;35.2;583'314
08.03.2012;35.43;35.42;35.59;34.94;571'331
07.03.2012;33.38;34.93;35.12;33.38;978'113
06.03.2012;34.19;33.6;34.19;33.41;735'650
05.03.2012;34.59;34.35;34.93;34.13;437'769
02.03.2012;35.07;34.66;35.35;34.61;272'686
01.03.2012;34.43;34.9;34.9;34.23;410'878
29.02.2012;35.17;34.63;35.37;34.59;368'778
28.02.2012;35.35;35.12;35.5;34.9;473'912
27.02.2012;35.39;35.19;35.39;34.99;409'943
24.02.2012;35.92;35.4;35.95;35.28;416'232
23.02.2012;35.38;35.57;35.8;35.33;428'677
22.02.2012;35.76;35.42;35.88;34.97;611'960
21.02.2012;36.81;35.81;36.81;35.65;519'847
20.02.2012;36.79;36.73;37.04;36.63;456'594
17.02.2012;37.25;36.44;37.37;36.39;2'388'511
16.02.2012;37.21;37.5;37.53;36.84;491'274
15.02.2012;36.87;37.47;37.47;36.69;1'639'676
14.02.2012;36.73;36.63;37.05;36.52;832'363
13.02.2012;36.8;36.7;37.05;36.63;541'585
10.02.2012;35.78;36.65;37.08;35.59;1'549'813
09.02.2012;35.5;35.95;36.02;34.81;1'006'499
08.02.2012;35.17;35.27;35.68;35.01;967'202
07.02.2012;35.58;34.99;35.66;34.45;1'174'362
06.02.2012;36.34;35.56;36.34;34.97;1'263'778
03.02.2012;36.88;36.98;37.32;36.88;875'032
02.02.2012;37.63;37.03;37.64;36.61;602'505
01.02.2012;36.7;37.46;37.89;36.7;659'543
31.01.2012;36.79;36.54;36.84;36.3;577'551
30.01.2012;36.73;36.42;36.79;36.2;783'257
27.01.2012;38.33;37.56;38.75;37.55;607'481
26.01.2012;38;38.39;38.75;38;586'180
25.01.2012;37.41;38;38;37.15;444'514
24.01.2012;37.6;37.29;37.6;36.99;672'694
23.01.2012;37.09;37.6;37.9;37.07;516'725
20.01.2012;37.69;37.05;37.87;37.05;669'386
19.01.2012;36.57;37.48;37.76;36.2;838'806
18.01.2012;35.54;35.91;36.2;35.35;593'869
17.01.2012;35.42;35.42;35.59;34.95;496'318
16.01.2012;34.94;35.27;35.5;34.9;403'920
13.01.2012;34.68;35.23;35.5;34.68;413'962
12.01.2012;34.91;35.02;35.47;34.71;449'527
11.01.2012;34.96;34.57;35.36;34.44;447'363
10.01.2012;34.73;35.11;35.41;34.47;662'656
09.01.2012;34.79;34.27;35.01;34.2;623'456
06.01.2012;35.84;34.63;36.18;34.38;752'539
05.01.2012;36.95;35.9;36.99;35.76;704'458
04.01.2012;36.63;36.42;37.09;36.39;600'872
03.01.2012;36.91;36.8;37.02;36.24;599'539
30.12.2011;36.58;35.89;36.62;35.71;288'442
29.12.2011;36.15;36.03;36.35;35.8;339'632
28.12.2011;35.83;36.13;36.41;35.67;355'457
27.12.2011;36.2;35.62;36.34;35.47;303'194
23.12.2011;35.66;36.19;36.19;35.43;366'166
22.12.2011;34.71;35.37;35.37;34.68;428'111
21.12.2011;35.22;34.53;35.62;34.47;652'342
20.12.2011;33.87;34.69;34.69;33.53;569'018
19.12.2011;33.31;33.79;34.3;33.31;536'226
16.12.2011;34.06;33.84;34.07;33.37;1'388'214
15.12.2011;33.11;33.7;33.82;32.97;745'473
14.12.2011;33.1;33.02;33.55;32.82;583'364
13.12.2011;33.11;33.46;33.55;32.78;822'497
12.12.2011;33.8;32.97;33.87;32.91;650'843
09.12.2011;33.02;34;34.09;32.97;547'443
08.12.2011;34.18;33.36;34.18;33.17;617'097
07.12.2011;34.19;33.85;34.19;33.46;690'966
06.12.2011;33.22;33.94;34.08;33.1;786'908
05.12.2011;33.69;33.63;33.78;33.28;666'004
02.12.2011;32.73;33.36;33.5;32.53;875'817
01.12.2011;32.22;32.37;32.58;31.75;777'642
30.11.2011;30.38;31.81;32.06;30.38;1'285'014
29.11.2011;31.2;30.7;31.52;30.36;757'129
28.11.2011;31.23;31.23;31.26;30.39;788'425
25.11.2011;30.28;30.81;31.03;29.85;464'513
24.11.2011;30.36;30.31;30.83;30.04;477'653
23.11.2011;30.29;30.28;30.9;30.16;531'894
22.11.2011;30.16;30.78;31.07;30.16;524'419
21.11.2011;30.7;30.28;31.13;30.09;519'182
18.11.2011;30.76;30.95;31.27;30.72;435'986
17.11.2011;31.74;31.1;31.75;30.89;452'500
16.11.2011;31.35;31.75;32.01;31.22;415'266
15.11.2011;31.37;31.51;32.24;30.81;585'794
14.11.2011;32.17;31.6;32.17;31.29;491'357
11.11.2011;31.46;31.59;31.86;31.12;532'527
10.11.2011;30.97;31.26;32.13;30.95;568'040
09.11.2011;32.87;31.72;32.98;31.47;511'766
08.11.2011;32.27;32.73;33.1;32.06;405'512
07.11.2011;32.34;32.26;32.82;31.36;613'861
04.11.2011;33.52;32.73;33.63;32.44;470'491
03.11.2011;31.89;33.35;33.41;31.89;1'910'455
02.11.2011;31.82;32.43;32.65;31.45;597'573
01.11.2011;31.65;31.51;31.85;30.83;1'037'142
31.10.2011;33.85;32.57;34.22;32.37;983'040
28.10.2011;35.48;34.34;35.63;34.12;767'267
27.10.2011;34.83;35.27;35.27;34.11;1'035'029
26.10.2011;33.42;33.69;34.37;33.2;403'682
25.10.2011;34.15;33.65;34.46;33.44;454'277
24.10.2011;34.19;34.33;34.45;33.66;471'342
21.10.2011;33.61;33.9;33.94;32.83;928'646
20.10.2011;33.59;33.13;33.97;33.02;526'052
19.10.2011;34;33.97;34.37;33.68;488'990
18.10.2011;33.66;33.61;33.93;33.18;617'218
17.10.2011;34.19;33.85;34.39;33.55;796'872
14.10.2011;32.41;33.87;34.35;32.1;1'082'061
13.10.2011;32.22;32.4;34.03;32.05;1'161'022
12.10.2011;31.22;32.21;32.36;30.87;725'914
11.10.2011;31.44;31.31;31.75;30.83;313'965
10.10.2011;30.77;31.55;31.6;30.44;351'683
07.10.2011;31.07;30.74;31.45;30.64;600'012
06.10.2011;30.26;30.97;30.97;29.81;613'348
05.10.2011;29.72;29.82;29.86;29.13;625'354
04.10.2011;29.17;28.91;29.47;28.4;769'965
03.10.2011;29.37;29.7;29.84;28.92;674'755
30.09.2011;30.6;29.99;30.96;29.88;899'818
29.09.2011;29.99;30.9;30.95;29.73;662'456
28.09.2011;29.74;30.35;30.56;29.73;676'023
27.09.2011;29.29;30.33;30.42;29.07;1'135'101
26.09.2011;26.87;28.44;28.71;26.81;867'324
23.09.2011;27.36;27.45;27.45;25.99;824'126
22.09.2011;27.53;27.03;27.83;26.58;1'047'043
21.09.2011;28.92;28.58;28.95;28.42;570'476
20.09.2011;28.32;28.87;29.02;28.27;546'082
19.09.2011;28.85;28.58;29.21;28.56;551'067
16.09.2011;30.22;29.37;30.45;29.32;2'174'118
15.09.2011;29.8;30.23;30.57;29.29;1'398'064
14.09.2011;28.14;28.98;28.98;28.05;1'078'970
13.09.2011;28.89;28.51;28.89;27.46;1'151'886
12.09.2011;27.9;27.84;28.42;27.52;1'331'219
09.09.2011;29.44;28.78;29.69;28.78;1'161'434
08.09.2011;29.79;29.52;30.17;29.23;1'311'756
07.09.2011;29.28;29.84;30.07;29.21;872'996
06.09.2011;27.96;28.94;29.78;27.86;1'086'456
05.09.2011;29.02;28.13;29.3;28.05;1'027'874
02.09.2011;31.37;30.2;31.4;29.66;1'092'006
01.09.2011;32.48;31.8;32.48;31.58;833'174
31.08.2011;31.74;32.34;32.69;31.59;825'431
30.08.2011;31.22;31.58;31.75;31.17;588'048
29.08.2011;29.85;30.99;31.22;29.82;463'414
26.08.2011;29.35;29.41;29.57;28.67;432'706
25.08.2011;29.7;29.54;30.06;29.27;524'169
24.08.2011;28.48;29.28;29.41;28.34;465'113
23.08.2011;28.76;28.21;28.83;28.07;524'852
22.08.2011;28.04;28.3;29.13;27.96;455'925
19.08.2011;28.05;28.45;28.91;27.09;1'599'318
18.08.2011;29.64;28.35;30.07;27.95;1'230'605
17.08.2011;30.41;30.25;30.7;29.81;663'461
16.08.2011;29.89;30.22;30.25;29.34;696'215
15.08.2011;30.45;30.13;30.8;29.62;918'254
12.08.2011;28.35;30.11;30.46;27.71;1'387'619
11.08.2011;27.02;28.34;28.72;26.15;1'744'412
10.08.2011;28.63;26.46;28.65;26.36;2'198'928
09.08.2011;26.49;27.99;28.07;25.75;2'540'535
08.08.2011;27.47;26.69;28.96;26.69;1'292'611
05.08.2011;26.58;28;28.67;26.28;1'572'599
04.08.2011;30.75;28.22;30.75;28.18;1'287'229
03.08.2011;30.77;30.07;31.63;29.82;1'622'402
02.08.2011;32.26;31.33;32.53;31.27;1'101'605
29.07.2011;32.62;32.83;33.06;32.13;644'883
28.07.2011;32.72;33.1;33.17;32.63;665'083
27.07.2011;33.43;33.25;33.52;32.81;716'103
26.07.2011;34.25;33.69;34.28;33.32;800'313
25.07.2011;34.73;34.06;35.43;33.75;801'128
22.07.2011;35.76;35.2;36.52;34.72;1'736'632
21.07.2011;33.4;34.49;34.73;32.67;930'747
20.07.2011;32.16;33.21;33.42;32.08;704'775
19.07.2011;31.7;31.9;32.16;31.65;661'505
18.07.2011;32.41;31.65;32.45;31.53;728'108
15.07.2011;31.89;32.67;32.67;31.79;1'324'649
14.07.2011;32.29;32.24;32.81;31.99;508'467
13.07.2011;32.29;32.68;32.71;32.19;928'251
12.07.2011;32.15;32.47;32.55;31.35;965'678
11.07.2011;33.36;32.61;33.45;32.36;739'075
08.07.2011;34.63;33.52;34.78;33.39;895'901
07.07.2011;34.48;34.51;34.85;34.05;663'527
06.07.2011;35;34.13;35.14;33.87;889'923
05.07.2011;35.29;35.09;35.38;35.06;538'093
04.07.2011;34.82;35.32;35.37;34.77;774'300
01.07.2011;33.9;34.71;34.79;33.77;1'183'946
30.06.2011;33.25;33.93;34.08;33.12;1'149'922
29.06.2011;32.92;33.1;33.1;32.69;808'646
28.06.2011;32.93;32.66;33.09;32.59;777'619
27.06.2011;32.58;32.84;33.55;32.58;716'700
24.06.2011;33.33;32.77;33.33;32.61;770'991
23.06.2011;33.47;32.82;33.68;32.45;966'158
22.06.2011;33.87;33.74;34.07;33.66;750'673
21.06.2011;33.61;33.9;33.9;33.39;696'969
20.06.2011;32.87;33.57;33.6;32.82;1'142'543
17.06.2011;32.53;33.26;33.54;32.5;1'321'726
16.06.2011;33.04;32.95;33.07;32.46;871'625
15.06.2011;33.51;33.23;33.74;33.13;785'285
14.06.2011;34.29;33.85;34.29;33.68;569'493
10.06.2011;33.96;33.68;34.09;33.43;634'634
09.06.2011;33.81;33.98;34.3;33.66;676'629
08.06.2011;34.71;34.03;34.79;33.91;1'197'608
07.06.2011;35.2;34.83;35.43;34.8;653'694
06.06.2011;35.41;35.25;35.64;35.2;470'354
03.06.2011;35.74;35.63;35.88;35.12;703'403
01.06.2011;36.51;35.82;36.6;35.38;1'018'460
31.05.2011;36.63;36.5;36.7;36.46;784'325
30.05.2011;36.1;36.16;36.43;36.07;294'212
27.05.2011;36.98;36.19;37.03;36;741'335
26.05.2011;36.84;36.39;36.96;36.01;790'424
25.05.2011;36.21;36.78;36.88;36.21;606'572
24.05.2011;36.54;36.58;36.82;36.2;698'230
23.05.2011;36.88;36.51;37.22;36.27;655'266
20.05.2011;37.9;37.31;37.94;37.24;979'536
19.05.2011;37.33;37.29;37.5;37.05;498'404
18.05.2011;37.6;37.14;37.87;37.04;493'105
17.05.2011;37.23;37.2;37.86;37.05;642'075
16.05.2011;37.35;37.43;37.78;36.88;695'488
13.05.2011;38.02;37.66;38.2;37.47;481'707
12.05.2011;38.2;37.74;38.23;36.75;1'773'335
11.05.2011;38.34;38.57;38.65;38.12;492'121
10.05.2011;37.97;38.33;38.54;37.8;443'462
09.05.2011;38.27;37.8;38.27;37.62;482'256
06.05.2011;37.93;38.45;38.57;37.86;581'609
05.05.2011;38.32;37.97;38.59;37.66;574'954
04.05.2011;38.48;38.36;39.32;38.27;681'101
03.05.2011;39.08;38.37;39.08;38.25;803'560
02.05.2011;39.76;38.95;39.76;38.85;311'273
29.04.2011;39.46;39.49;39.74;39.37;332'846
28.04.2011;39.63;39.35;39.63;38.94;392'907
27.04.2011;39.35;39.3;39.68;38.79;592'777
26.04.2011;38.88;39.38;39.52;38.78;665'178
21.04.2011;38.83;38.59;38.98;38.46;405'109
20.04.2011;37.96;38.1;38.31;37.79;508'680
19.04.2011;37.05;37.58;37.88;37.03;493'724
18.04.2011;38.34;36.98;38.6;36.76;778'817
15.04.2011;38.66;38.18;38.83;38.09;1'305'345
14.04.2011;38.42;38.43;38.76;38.11;430'404
13.04.2011;38.69;38.73;39.02;38.44;473'647
12.04.2011;39.03;38.64;39.42;38.57;493'176
11.04.2011;39.37;39.47;39.78;39.31;578'611
08.04.2011;39.82;39.74;39.96;39.63;401'946
07.04.2011;39.59;39.68;40.48;39.51;640'598
06.04.2011;38.84;39.6;39.67;38.74;729'605
05.04.2011;38.83;39;39;38.64;565'231
04.04.2011;38.9;38.77;39.23;38.67;475'621
01.04.2011;39.17;39.07;39.37;38.54;1'131'402
31.03.2011;39.38;38.94;39.53;38.93;690'982
30.03.2011;39.36;39.23;39.68;39.17;518'448
29.03.2011;39.16;39.07;39.28;38.7;467'346
28.03.2011;39.31;39.14;39.63;38.98;501'270
25.03.2011;39.5;39.31;39.57;39.08;419'054
24.03.2011;38.67;39.45;39.46;38.63;464'803
23.03.2011;38.42;38.92;39.01;38.37;529'887
22.03.2011;38.88;38.58;39.08;38.13;582'551
21.03.2011;38.57;38.72;38.97;38.45;381'034
18.03.2011;37.61;38.23;38.51;37.61;1'684'044
17.03.2011;38.2;37.6;38.55;37.16;1'263'035
16.03.2011;38.66;38.09;38.68;37.76;1'048'489
15.03.2011;39.17;38.63;39.17;37.32;1'792'147
14.03.2011;39.74;40.09;40.75;39.67;1'035'046
11.03.2011;40.05;40.13;40.64;39.99;716'127
10.03.2011;39.91;40.48;40.74;39.91;941'262
09.03.2011;40.62;40.32;40.72;40.05;705'310
08.03.2011;40.47;40.58;40.8;40.16;732'471
07.03.2011;39.95;40.15;40.72;39.59;561'170
04.03.2011;40.66;40.05;40.78;39.73;508'243
03.03.2011;41.08;40.62;41.19;40.32;681'111
02.03.2011;40.12;40.81;40.87;39.96;462'535
01.03.2011;40.93;40.39;41.09;40.39;484'340
28.02.2011;40.12;40.69;40.91;39.92;767'756
25.02.2011;40.11;40.25;40.38;39.6;674'894
24.02.2011;40.4;39.75;40.54;39.26;716'433
23.02.2011;40.79;40.45;41.17;40.27;555'856
22.02.2011;41.57;41.01;41.76;40.85;897'073
21.02.2011;42.07;41.56;42.24;41.53;451'627
18.02.2011;42.59;42.11;42.74;41.71;2'093'517
17.02.2011;42.74;42.6;42.91;42.31;735'907
16.02.2011;42.65;42.94;43.12;42.58;735'277
15.02.2011;42.44;42.73;42.73;42.21;1'034'959
14.02.2011;42.25;42.47;42.47;41.81;1'312'655
11.02.2011;41.04;42.04;42.04;40.93;1'040'226
10.02.2011;40.9;41.18;41.18;40.76;1'149'878
09.02.2011;41.88;40.8;42.17;40.64;1'601'717
08.02.2011;42.98;41.88;43.21;41.88;1'538'792
07.02.2011;42.59;43.09;43.96;42.5;1'739'490
04.02.2011;42.2;42.55;42.92;42.2;805'492
03.02.2011;42.72;42.15;42.77;41.84;890'858
02.02.2011;42.51;42.89;42.98;42.3;738'805
01.02.2011;42.05;42.4;42.4;41.49;644'987
31.01.2011;41.57;41.73;41.78;41.19;654'161
28.01.2011;41.91;41.71;42.26;41.59;1'295'155
27.01.2011;41.04;42.01;42.17;40.88;812'583
26.01.2011;40.99;41.06;41.44;40.88;715'358
25.01.2011;41.83;41.02;41.87;41.02;608'934
24.01.2011;41.96;41.82;42.19;41.35;614'225
21.01.2011;41.52;41.96;42.2;41.12;1'197'172
20.01.2011;40.23;41.13;41.49;40.03;1'212'328
19.01.2011;40.16;40.44;41.23;40.14;1'187'710
18.01.2011;40.93;40.4;41.41;39.74;1'469'928
17.01.2011;42.3;40.87;42.3;40.44;1'191'648
14.01.2011;41.52;42.31;42.44;41.32;1'301'140
13.01.2011;43.89;42.55;44.13;42.5;1'086'621
12.01.2011;41.95;43.57;43.71;41.94;795'326
11.01.2011;41.55;41.94;42.3;41.18;1'213'189
10.01.2011;42.5;42.61;43.16;41.66;1'061'925
07.01.2011;43.14;42.59;43.31;42.57;949'306
06.01.2011;43.24;43.4;43.89;43.24;551'386
05.01.2011;42.98;43.45;43.45;42.55;874'712
04.01.2011;43.15;43.07;43.46;42.98;506'685
03.01.2011;42.79;43;43.42;42.79;397'594
30.12.2010;43.14;42.79;43.16;42.6;408'392
29.12.2010;43.42;42.99;43.57;42.95;274'448
28.12.2010;42.7;43.42;43.42;42.7;210'015
27.12.2010;42.98;42.78;43.06;42.54;257'206
23.12.2010;42.4;42.98;42.98;42.38;357'403
22.12.2010;42.96;42.4;42.98;42.32;654'242
21.12.2010;42.75;42.84;42.92;42.35;472'367
20.12.2010;42.13;42.41;42.98;42.06;597'648
17.12.2010;42.01;42.35;42.39;41.81;1'212'027
16.12.2010;41.63;41.96;42.21;41.52;920'171
15.12.2010;42.75;41.81;42.8;41.66;837'972
14.12.2010;42.01;42.9;43.01;42.01;1'074'453
13.12.2010;41.8;42.09;42.17;41.76;450'255
10.12.2010;41.74;41.93;42.32;41.71;693'782
09.12.2010;42.01;41.72;42.67;41.51;966'547
08.12.2010;41.69;41.5;42;41.28;1'101'913
07.12.2010;41.13;42.11;42.49;40.92;1'332'317
06.12.2010;40.47;41.11;41.13;39.87;890'875
03.12.2010;40.28;40.47;40.47;39.57;1'012'179
02.12.2010;39.74;40.49;40.49;39.37;1'447'583
01.12.2010;37.75;39.29;39.53;37.54;2'182'697
30.11.2010;37.2;37.22;37.41;36.76;1'352'948
29.11.2010;38.13;37.07;38.61;36.8;764'646
26.11.2010;37.92;37.66;38.27;37.47;627'084
25.11.2010;37.73;38.3;38.31;37.56;470'523
24.11.2010;36.96;37.7;37.9;36.67;911'187
23.11.2010;37.81;36.95;37.88;36.8;832'147
22.11.2010;39.17;38.01;39.32;37.85;660'897
19.11.2010;39.41;38.73;39.41;38.37;980'674
18.11.2010;38.78;38.93;39.2;38.44;511'047
17.11.2010;38.43;38.35;38.74;38.2;673'862
16.11.2010;39.25;38.62;39.45;38.46;724'200
15.11.2010;39.27;39.59;40.16;39.14;943'750
12.11.2010;37.52;39.32;39.57;37.24;1'553'324
11.11.2010;38.45;38.33;38.69;37.61;976'476
10.11.2010;39.1;38.05;39.18;37.85;1'521'215
09.11.2010;39.57;39.36;40.03;39.27;768'723
08.11.2010;39.86;39.64;40.27;39.23;1'455'969
05.11.2010;40.53;40.56;41.42;40.2;1'381'556
04.11.2010;40.04;40.32;40.86;39.91;1'185'316
03.11.2010;39.78;39.35;39.95;39.17;947'867
02.11.2010;39.06;39.75;40.25;39.05;1'231'592
01.11.2010;40.79;39.08;40.91;38.65;2'577'603
29.10.2010;39.95;40.58;40.78;39.71;1'129'373
28.10.2010;39.5;39.96;40.26;39.45;1'060'880
27.10.2010;39.08;39.37;39.5;39.01;1'187'149
26.10.2010;38.97;39.33;39.42;38.62;1'757'699
25.10.2010;38.48;39.15;39.27;37.93;1'149'396
22.10.2010;36.69;38.11;38.65;36.69;1'500'744
21.10.2010;36.05;36.78;36.89;36.05;899'176
20.10.2010;36.39;36.42;36.73;36.29;512'578
19.10.2010;36.66;36.63;37.22;36.5;737'240
18.10.2010;36.39;36.67;37.37;36.3;904'957
15.10.2010;36.75;36.48;36.94;36.29;708'600
14.10.2010;36.87;36.84;37.13;36.32;723'942
13.10.2010;35.86;36.63;36.92;35.81;881'961
12.10.2010;35.39;35.81;35.83;35.07;579'452
11.10.2010;35.74;35.89;36.04;35.56;502'791
08.10.2010;35.79;35.69;35.9;35.19;586'705
07.10.2010;36.02;35.8;36.22;35.54;654'263
06.10.2010;35.99;35.93;36.32;35.83;648'329
05.10.2010;34.77;35.66;35.96;34.68;1'051'286
04.10.2010;34.65;34.77;35.01;34.35;893'939
01.10.2010;34.84;34.78;35.15;34.36;1'425'736
30.09.2010;35.58;34.94;35.78;34.94;1'453'056
29.09.2010;37.11;35.85;37.42;35.73;1'236'947
28.09.2010;36.88;36.93;37.48;36.44;929'816
27.09.2010;37.47;37.14;37.71;37.12;505'065
24.09.2010;36.62;37.25;37.32;36.11;631'311
23.09.2010;36.83;36.67;37.03;35.79;1'068'461
22.09.2010;37.74;36.66;37.88;36.64;1'190'176
21.09.2010;38.64;37.92;38.86;37.92;910'011
20.09.2010;38.24;38.81;38.84;38.1;504'602
17.09.2010;38.93;38.05;38.95;37.84;1'435'720
16.09.2010;39.22;38.75;39.36;38.74;859'054
15.09.2010;39.2;39.23;39.57;38.94;880'113
14.09.2010;38.98;39.18;39.26;38.7;971'291
13.09.2010;38.59;38.75;39.08;38.58;1'250'357
10.09.2010;37.44;38.28;38.47;37.32;761'459
09.09.2010;36.93;37.7;37.83;36.82;434'949
08.09.2010;36.91;37.05;37.22;36.49;788'765
07.09.2010;37.56;37.12;37.58;36.93;733'530
06.09.2010;37.5;37.71;37.91;37.5;479'808
03.09.2010;36.68;37.38;37.57;36.61;1'177'458
02.09.2010;36.34;36.63;36.66;36.29;440'309
01.09.2010;35.31;36.46;36.46;35.07;718'936
31.08.2010;34.63;34.98;35.11;34.27;624'279
30.08.2010;35.29;35.08;35.35;34.68;257'630
27.08.2010;34.58;35.26;35.26;34.45;899'284
26.08.2010;34.63;34.78;35.1;34.54;419'128
25.08.2010;34.83;34.44;35.06;34.02;774'596
24.08.2010;35.19;35.08;35.4;34.51;878'342
23.08.2010;35.17;35.38;35.78;35.07;569'331
20.08.2010;35.73;35.14;35.85;35;908'586
19.08.2010;36.14;35.67;36.24;35.61;750'106
18.08.2010;36.16;35.8;36.21;35.47;346'294
17.08.2010;35.08;36.15;36.19;34.78;892'391
16.08.2010;34.97;34.8;35.36;34.53;519'191
13.08.2010;34.65;34.92;35.16;34.21;868'783
12.08.2010;34.55;34.44;34.96;33.79;888'750
11.08.2010;35.78;34.58;35.78;34.42;1'388'954
10.08.2010;36.63;36.15;36.9;36.11;591'536
09.08.2010;36.4;36.79;36.87;36.3;607'720
06.08.2010;37.12;36.05;37.45;35.87;1'219'752
05.08.2010;36.65;36.93;37.56;36.6;1'298'692
04.08.2010;36.29;36.6;36.73;36.03;520'666
03.08.2010;36.53;36.52;36.72;36.21;575'095
02.08.2010;35.65;36.66;36.73;35.65;676'792
30.07.2010;36.39;35.61;36.68;35.61;1'108'902
29.07.2010;36.68;36.63;37.12;36.63;710'576
28.07.2010;36.63;36.65;37.32;36.58;968'145
27.07.2010;35.93;36.59;37.3;35.66;1'697'672
26.07.2010;35.54;35.66;35.81;35.12;1'108'785
23.07.2010;34.81;35.25;35.32;34.15;958'266
22.07.2010;33.24;34.92;35.32;32.95;1'653'602
21.07.2010;31.94;33.25;33.87;31.54;2'321'651
20.07.2010;31.51;31.27;31.81;30.99;911'633
19.07.2010;31.54;31.52;32.04;31.1;639'104
16.07.2010;32.35;31.81;32.48;31.54;851'676
15.07.2010;32.45;32.31;32.75;32.04;644'990
14.07.2010;32.96;32.78;32.98;32.43;626'741
13.07.2010;32.24;32.9;32.92;31.96;549'763
12.07.2010;32.22;32.21;32.46;31.9;414'129
09.07.2010;32.25;32.26;32.29;31.92;491'342
08.07.2010;32.01;31.99;32.33;31.33;1'101'835
07.07.2010;30.49;31.42;31.52;30.33;799'293
06.07.2010;30.45;30.85;30.89;30.24;680'895
05.07.2010;30.24;30.3;30.48;29.98;473'555
02.07.2010;30.47;30.23;30.74;30.11;844'410
01.07.2010;29.78;30.04;30.25;29.32;1'183'992
30.06.2010;30.21;30.25;30.55;29.8;1'108'356
29.06.2010;31.19;30.25;31.19;29.85;1'223'359
28.06.2010;32.18;31.45;32.19;31.08;941'157
25.06.2010;32.24;31.9;32.68;31.75;478'087
24.06.2010;33.26;32.13;33.29;32.02;809'649
23.06.2010;33.12;33.22;33.66;32.91;510'586
22.06.2010;33.7;33.61;33.78;33.17;558'108
21.06.2010;33.7;33.83;34.05;33.58;679'384
18.06.2010;33.74;33.31;33.87;33.21;1'395'044
17.06.2010;33.38;33.39;33.66;33.12;609'624
16.06.2010;33.64;33.34;33.82;33.1;810'155
15.06.2010;32.48;33.26;33.33;32.46;808'356
14.06.2010;32.57;32.63;32.7;32.21;392'479
11.06.2010;31.53;32.23;32.46;31.36;795'849
10.06.2010;31.08;31.41;31.49;30.93;1'131'317
09.06.2010;31.26;31.12;31.36;30.87;1'067'310
08.06.2010;32.24;31.11;32.25;30.85;1'087'908
07.06.2010;31.75;31.8;32;31.32;944'505
04.06.2010;32.97;31.97;33.1;31.95;732'833
03.06.2010;33.23;32.82;33.35;32.78;692'888
02.06.2010;32.65;32.51;32.72;32.08;737'059
01.06.2010;32.76;32.79;33.22;32.19;659'210
31.05.2010;33.07;32.82;33.56;32.82;379'098
28.05.2010;33.68;32.98;33.73;32.98;779'725
27.05.2010;33.42;33.35;33.61;32.71;1'035'054
26.05.2010;33.08;32.44;33.08;32.43;1'419'296
25.05.2010;32.66;32.24;32.76;31.78;1'413'032
21.05.2010;32.76;33.68;33.68;32.55;1'657'078
20.05.2010;33.72;33.03;33.97;32.48;1'524'183
19.05.2010;33.17;33.3;33.59;32.84;990'152
18.05.2010;33.59;33.53;33.85;33.07;809'747
17.05.2010;33.28;33.22;33.85;33.03;1'161'046
14.05.2010;34.75;34;34.75;33.73;1'423'371
12.05.2010;33.51;34.36;34.68;33.31;1'221'178
11.05.2010;32.23;33.46;33.54;31.78;1'440'930
10.05.2010;32.39;33.22;34.1;32.33;3'034'460
07.05.2010;32.24;31.49;32.24;30.48;2'746'586
06.05.2010;33.52;32.57;34.31;32.13;1'642'613
05.05.2010;34.85;34.05;34.9;33.57;982'332
04.05.2010;36.68;34.86;36.72;34.72;1'082'259
03.05.2010;36.39;36.57;36.63;36.04;403'497
30.04.2010;36.61;36.39;37.5;36.21;773'671
29.04.2010;36.39;36.72;37.02;35.99;720'823
28.04.2010;36.63;36.15;36.8;35.59;1'263'362
27.04.2010;37.93;36.87;38;36.86;724'439
26.04.2010;38.02;37.9;38.57;37.59;1'168'667
23.04.2010;37.03;37.22;37.3;36.54;689'104
22.04.2010;37.11;36.89;37.23;36.36;907'132
21.04.2010;36.48;37.03;37.11;36.44;1'497'079
20.04.2010;36.14;36.28;36.31;35.76;807'637
19.04.2010;36;36.02;36.05;35.3;968'638
16.04.2010;37.05;36.27;37.12;36.06;1'890'017
15.04.2010;37.37;37.46;37.73;37.23;829'876
14.04.2010;37.86;37.42;38.07;37.12;1'059'938
13.04.2010;37.4;37.77;37.9;37.4;662'116
12.04.2010;38.16;37.71;38.32;37.56;596'267
09.04.2010;37.87;37.99;38.2;37.71;633'873
08.04.2010;38;37.68;38.45;37.25;710'849
07.04.2010;38.15;38.29;38.54;38.04;570'228
06.04.2010;38.24;38.4;38.68;38.1;1'121'772
01.04.2010;37.51;37.93;37.93;37.38;710'741
31.03.2010;37.2;37.37;37.4;36.7;958'112
30.03.2010;37.02;37.05;37.79;36.9;844'644
29.03.2010;36.9;36.95;37.21;36.7;405'062
26.03.2010;36.81;36.88;36.96;36.63;503'526
25.03.2010;36.89;36.73;37.02;36.54;996'685
24.03.2010;37.32;36.91;37.41;36.76;869'619
23.03.2010;36.43;37.12;37.12;36.43;890'943
22.03.2010;36.85;36.56;36.85;36.01;671'698
19.03.2010;37.03;36.83;37.1;36.45;1'647'048
18.03.2010;36.44;36.65;36.73;36.11;796'580
17.03.2010;36.15;36.5;36.5;36.05;657'150
16.03.2010;35.95;35.93;36;35.69;591'472
15.03.2010;35.71;35.68;35.88;35.55;613'060
12.03.2010;35.36;35.68;35.76;35.23;770'148
11.03.2010;35.11;35.17;35.19;34.9;906'709
10.03.2010;34.93;35.3;35.59;34.89;808'720
09.03.2010;35.38;34.96;35.41;34.5;648'103
08.03.2010;35.56;35.28;35.56;35.13;805'641
05.03.2010;35.09;35.34;35.46;34.91;1'166'230
04.03.2010;35.26;35.09;35.55;34.72;1'087'550
03.03.2010;34.27;35.17;35.2;34.19;1'144'586
02.03.2010;33.28;34.27;34.42;32.91;1'213'440
01.03.2010;33.18;33.12;33.4;32.85;803'520
26.02.2010;32.86;32.65;32.86;32.15;1'408'757
25.02.2010;32.82;32.43;33.38;32.2;884'919
24.02.2010;33.01;33.17;33.26;32.69;498'743
23.02.2010;33.2;32.84;33.22;32.73;860'182
22.02.2010;32.68;32.86;33.23;32.53;590'600
19.02.2010;32.85;32.69;33.22;32.49;2'789'208
18.02.2010;33.02;33.19;33.49;32.7;774'769
17.02.2010;32.57;32.92;33.09;32.37;1'265'574
16.02.2010;31.78;32.1;32.24;31.45;1'139'690
15.02.2010;31.65;31.43;31.79;31.22;974'631
12.02.2010;31.69;31.46;31.74;30.55;1'281'789
11.02.2010;32.35;31.14;32.56;30.86;1'924'193
10.02.2010;32.57;32.01;32.57;31.79;925'203
09.02.2010;31.55;31.8;32.63;31.36;1'554'196
08.02.2010;31.41;31.07;31.83;29.94;2'594'945
05.02.2010;31.75;31.39;32.19;30.79;1'985'558
04.02.2010;33.7;32.41;33.9;32.24;1'583'985
03.02.2010;34.37;33.61;34.57;33.25;2'034'830
02.02.2010;34.63;34.42;35.27;34.29;1'183'049
01.02.2010;34.23;34.48;34.98;34.04;844'169
29.01.2010;34.19;34.45;34.64;33.81;1'063'379
28.01.2010;35.09;34.19;35.4;34.01;1'069'808
27.01.2010;34.93;34.38;35.51;34.15;1'166'434
26.01.2010;35.36;35.42;35.54;34.68;1'272'994
25.01.2010;35.17;35.28;35.78;34.45;1'795'306
22.01.2010;34.51;34.44;35.51;33.87;1'990'089
21.01.2010;35.55;34.81;35.75;34.81;1'271'246
20.01.2010;35.42;35.17;36.18;34.97;1'654'424
19.01.2010;36.42;36;36.54;35.25;1'744'259
18.01.2010;36.9;36.69;37.19;36.59;551'907
15.01.2010;37.32;36.82;37.32;36.44;1'463'025
14.01.2010;36.15;37.08;37.4;35.94;1'901'696
13.01.2010;35.58;35.79;35.89;35.36;1'021'212
12.01.2010;35.76;35.77;36;35.06;1'862'810
11.01.2010;35.38;35.76;36.18;35.38;1'067'200
08.01.2010;35.18;35.33;36.04;34.98;1'178'917
07.01.2010;35.17;34.97;35.48;34.8;1'125'402
06.01.2010;35.46;35.38;35.85;35.02;1'178'928
05.01.2010;36.15;35.76;36.45;35.68;974'709
04.01.2010;35.62;36.2;36.2;35.27;779'394
30.12.2009;36.1;35.54;36.1;35.32;388'523
29.12.2009;35.62;36.05;36.24;35.34;512'530
28.12.2009;35.25;35.49;35.56;35.14;298'243
23.12.2009;34.86;35.06;35.34;34.68;963'414
22.12.2009;34.19;34.5;35.03;34.11;1'597'165
21.12.2009;32.61;33.33;33.49;32.53;826'807
18.12.2009;33.75;32.58;33.75;32.53;1'493'010
17.12.2009;33.5;33.48;34.03;32.79;1'573'841
16.12.2009;32.65;33.87;33.87;32.53;911'527
15.12.2009;32.67;32.68;32.92;32.43;561'757
14.12.2009;33.26;32.39;33.26;32.24;899'411
11.12.2009;33.12;32.53;33.29;32.53;778'414
10.12.2009;32.46;32.64;33.1;32.05;1'149'016
09.12.2009;31.93;32.2;32.49;31.77;1'421'415
08.12.2009;32.73;32.2;32.84;31.83;1'359'752
07.12.2009;33.45;32.41;33.45;32.29;1'177'266
04.12.2009;32.48;33.57;34.02;32.48;1'604'272
03.12.2009;32.04;32.91;33.31;31.83;1'864'767
02.12.2009;32.12;31.26;32.21;31.21;1'891'829
01.12.2009;32.71;31.95;33.13;31.71;1'615'995
30.11.2009;34.24;32.39;34.46;32.39;1'552'409
27.11.2009;31.62;34.19;34.51;31.46;1'761'716
26.11.2009;33.79;32.42;33.79;31.96;1'674'859
25.11.2009;34.51;34.05;34.78;33.84;949'154
24.11.2009;35.4;34.51;35.48;34.24;911'985
23.11.2009;34.67;35.49;35.51;34.44;1'148'829
20.11.2009;35.17;34.26;35.4;33.73;1'653'059
19.11.2009;35.23;35.2;35.78;34.97;750'258
18.11.2009;35.67;35.68;35.87;35.07;1'226'058
17.11.2009;35.61;35.31;35.91;34.99;1'709'034
16.11.2009;35.03;35.84;35.95;35.03;1'713'006
13.11.2009;35.63;35.69;35.79;34.69;2'180'348
12.11.2009;36.63;36.39;37.14;36.04;645'156
11.11.2009;37.62;36.65;37.89;36.54;1'206'484
10.11.2009;39.57;36.92;39.65;36.7;1'726'854
09.11.2009;38.58;39.63;39.92;38.51;814'404
06.11.2009;37.96;38.14;38.74;37.1;741'981
05.11.2009;37.51;37.69;38.1;36.75;683'870
04.11.2009;37.28;37.81;38.26;37.06;663'734
03.11.2009;37.16;37.06;37.73;36.38;936'524
02.11.2009;37.14;37.14;37.34;36.01;1'008'680
30.10.2009;38.96;37.73;38.98;37.36;585'931
29.10.2009;37.67;38.78;38.82;37.14;876'626
28.10.2009;39.8;37.9;40.17;37.34;1'839'276
27.10.2009;40.72;40.05;40.86;39.62;1'514'303
26.10.2009;41.32;40.84;41.62;40.62;908'006
23.10.2009;42.01;41.28;42.01;41.11;1'170'180
22.10.2009;40.76;41.56;41.71;39.88;1'710'051
21.10.2009;40.66;40.66;40.93;39.62;1'373'388
20.10.2009;40.39;40.66;40.8;40.05;818'122
19.10.2009;40.05;40.11;40.43;39.55;810'055
16.10.2009;40.01;39.68;40.27;39.02;1'302'608
15.10.2009;39.86;39.76;39.9;39.31;924'843
14.10.2009;39.74;39.31;40.07;38.74;2'086'466
13.10.2009;41.23;39.33;41.28;39;1'835'276
12.10.2009;41.79;41.17;41.79;40.66;891'790
09.10.2009;41.13;41.42;41.91;41.01;1'331'148
08.10.2009;40.25;40.8;41.42;40.25;1'348'815
07.10.2009;39.17;39.57;39.86;38.9;2'363'061
06.10.2009;37.98;38.3;38.67;37.4;1'427'495
05.10.2009;36.34;37.12;37.81;35.74;1'338'144
02.10.2009;36.63;35.85;37.22;35.17;2'604'820
01.10.2009;39.19;37.42;39.51;36.85;1'939'018
